attendance_rate,task_completion_rate,avg_task_rating,days_since_last_task,communication_score,skill_match_score,week_number,performance_label
0.9367786828190987,0.8599694988664408,4.789863544579326,1,4.54803235666424,0.8563219571525164,7,2
0.7078059541271672,0.5903815849322918,3.6120085299594553,2,3.886380361960142,0.41840671366197785,6,1
0.6606707818816295,0.6241353372006548,3.5275636489994198,1,3.5205438373048583,0.5718593045354745,7,1
0.795824777812234,0.6391836406922323,3.492054489382401,1,3.8499593305032054,0.47653582951540463,4,1
0.9390480671396169,0.9895256448157637,4.859823832165237,2,4.004363269650309,0.7500859266241596,5,2
0.688146485203769,0.6413530079892522,3.7914097505069755,4,3.8286529061182892,0.7055531284192145,5,1
0.8722627816368325,0.8634874367289553,4.273924473710751,1,4.337454278964229,0.9612065366372318,7,2
0.8910660645098122,0.9571961912363086,4.893407109446681,1,4.723443662354912,0.8606969798042736,1,2
0.7476755649455752,0.7760158993971847,3.5224968088905886,4,3.9833407684142266,0.4942244978099476,9,1
0.5637392679925682,0.4797619378053902,1.9332732906993824,13,3.2435760245472105,0.2632892333296469,1,0
0.6812738620029192,0.5685251325549618,3.317388850027885,3,3.852048415804693,0.6180950713896987,10,1
0.47495914173554465,0.32028365252781804,1.839150161992408,13,1.4703028993094032,0.23184920246999108,10,0
0.9300995296171339,0.946729183422247,4.121179244972689,2,4.68908765374823,0.946981963804009,7,2
0.7228436940900798,0.7927769696165574,3.8652945592010246,3,3.50972607528818,0.5170261623331216,12,1
0.7349060970880834,0.7756156417555716,3.22047048099937,3,3.4683005914563854,0.7327199870449923,2,1
0.7754737679552068,0.784666493060455,3.67283168992043,4,3.8508527573220954,0.5115926665587426,1,1
0.41611048304870263,0.4361014437319096,1.1802108399966835,11,1.2634188348820148,0.017785433517774174,4,0
0.8351434690213103,0.8329245565554292,3.0652767575664637,3,3.680953291403576,0.7429365407113987,3,1
0.6878517403090445,0.6324134457564013,3.2889685249210583,2,3.9525167896845987,0.6942693972019596,7,1
0.47675579650204414,0.4030837026451303,2.9792499711333793,4,2.3588455433566153,0.04086267287338913,6,0
0.9302205979885128,0.9964280462482126,4.715108399666758,2,4.737426085770677,0.7859558646781368,9,2
0.4292402222045725,0.4550082937482174,1.5611014295916517,11,2.8696790102305716,0.017432580116912455,4,0
0.9359548115945152,0.9792613742377443,4.631256988657844,1,4.384239620137381,0.8350370083545796,12,2
0.9135918270210943,0.9732746419878039,4.693559691776693,0,4.271946039418449,0.9077076767383174,3,2
0.5194653154591296,0.439716556746493,2.9193097201669507,11,2.358251308408221,0.2569979339043625,9,0
0.47577632837041106,0.4102327501531931,2.334006366817196,14,2.9122081538553206,0.40649286935804674,2,0
0.46746981762306794,0.42327633965539946,2.1989552543856252,7,2.3427663545463693,0.29342055901043956,8,0
0.6502409346139432,0.8092620873958738,3.5217118013669184,2,3.0904189777916606,0.7696640612289277,12,1
0.7942055980522658,0.69517966437684,3.9117851123817715,4,3.7537201765621298,0.4988179655434405,9,1
0.8103953202065755,0.5903976782252952,3.5202319605040255,4,3.483877264564259,0.7500376073436128,11,1
0.5206669301228466,0.38547001951478627,1.5461079572082679,8,2.3517461916122757,0.04826723509772041,9,0
0.5057771011088396,0.43695448829899625,3.013287418394763,11,2.8056673296391477,0.4278482340531429,11,0
0.8789643351512567,0.8847212820647947,4.881568571552241,0,4.4196273828068104,0.7151867416807222,11,2
0.9728182345664966,0.8511946607118176,4.9321049498391245,2,4.515005659709723,0.8606661444639018,5,2
0.9620842882569227,0.947843747288791,4.8610439266909165,1,4.851841236873947,0.8211693592510371,7,2
0.4554158899547676,0.43204655836404304,3.1503059929730113,9,3.2695466324616005,0.36214265406320595,3,0
0.6851192956099348,0.5672802582324117,3.604359319714771,2,3.2833640688911183,0.7265225151065091,11,1
0.9038428482561688,0.9774301323231852,4.1800907433707115,0,4.935484513527496,0.7557199216015557,2,2
0.6834191538495458,0.6182611459505237,3.494370811045758,2,3.4835745857038676,0.4057123796362698,10,1
0.4224513172481147,0.4323800614191886,2.5723571169497097,11,2.8376776095097145,0.4017404651924243,9,0
0.49883619941779533,0.3850445586608412,2.3945504798230033,5,1.7919041926688166,0.4285896284993765,3,0
0.4526067531479687,0.45317824316068167,2.870649225959146,7,1.5233733083417758,0.185236051395691,6,0
0.44972407990982216,0.34692597182367996,3.2656364513025915,11,3.4370866319527797,0.18560354694499914,10,0
0.7617439524388924,0.7434200540112827,3.2007128429137923,1,3.5396617889031523,0.4302186143566383,2,1
0.47438988265378756,0.37839814976123853,2.739045366242017,8,1.0726784508598843,0.08344255892743546,12,0
0.5791379168685197,0.45368785771090236,1.1910421485951286,4,3.1021789485648066,0.019213174481162498,12,0
0.7347184577733635,0.7554892282726693,3.731872737286501,3,3.3608063113780027,0.6936105152856398,7,1
0.9391963440997408,0.8774008576359502,4.2256389806238195,2,4.823623610748974,0.8153833227936305,1,2
0.9944189846167626,0.9282189458082208,4.9795771171923535,2,4.392793775809343,0.9562665719022604,4,2
0.7490946869430838,0.5861477544079159,3.961414540423639,2,3.184301396950099,0.4153511331296945,9,1
0.9478260509126949,0.9625398645908263,4.2368437106820425,0,4.554337474340345,0.7598515944788825,8,2
0.7689503947063523,0.5718308278289854,3.112397027176013,3,3.2198619563689768,0.5734873501428066,5,1
0.5553154446133264,0.3723184257605502,3.1949358011126736,9,1.3531951231887644,0.10599124545111926,9,0
0.9651077508895478,0.8688229445198726,4.795494277698571,1,4.6773931298888725,0.8697344664522989,7,2
0.4529428282049562,0.4725705183336642,1.598904726667431,5,2.327336458292841,0.22389158228654582,6,0
0.4529855569925146,0.4330679876948266,3.1166528555957647,7,3.2177160606627933,0.38993777292881193,8,0
0.9203377462689151,0.8956738799123426,4.27828596504826,1,4.622753403239841,0.7668028237369254,4,2
0.5875085179540982,0.4467265061663649,1.496789203835431,11,1.035199556787711,0.09942120204440258,8,0
0.40747527272701684,0.3232008836619051,2.130497570708588,8,1.2213889605581034,0.05165447856200783,3,0
0.8277249530368818,0.7679127620840778,3.9413343927869016,4,3.81306279721412,0.4386995424769123,6,1
0.5053030376850831,0.3009936265731534,2.9024769000702344,9,3.081701173367608,0.005515807131232897,9,0
0.40860776185668846,0.3711763967790295,2.564649789285591,13,2.2525997097881483,0.26968872420003126,4,0
0.9548544259437158,0.9059683927633575,4.947522787992227,0,4.631643515082891,0.7163172245566933,11,2
0.4058239754191032,0.3489597488171306,2.156557391848291,8,2.81792267441577,0.3713532605999905,4,0
0.9064953696631375,0.989215275326468,4.860376094740669,2,4.417666995816995,0.7349075455493487,3,2
0.6852026015633726,0.7069683321730866,3.6455721814274282,1,3.3303914736656166,0.6297936995956637,8,1
0.7738611644568675,0.7914009831889732,3.975473028314022,3,3.5443448876343213,0.4911589088943303,10,1
0.7321239013058566,0.5765313803323631,3.7466032046442037,1,3.3596755612230678,0.6680213939496664,8,1
0.5060968074498029,0.3806021817569255,3.26588596273684,10,2.086129611220678,0.12684108693656937,2,0
0.9575990128248533,0.9472958435153224,4.347759392106674,2,4.747794349759372,0.9430775760098594,1,2
0.508606410999281,0.353196027795454,2.923732332979842,9,3.419985166260586,0.35547623941837414,4,0
0.9067049504640661,0.9797790021096716,4.923731466426041,0,4.666463047526836,0.9362161080256999,5,2
0.9078950669209032,0.9144936429669732,4.847854253949562,1,4.173343052975281,0.8457452286737894,4,2
0.7460489504274631,0.6972497730746849,3.1383715947205566,4,3.3967550564555293,0.5848624437198936,5,1
0.42862846046487674,0.3650528908463738,2.0335411232381535,8,2.475869226146932,0.25418027345814,6,0
0.5670610453995892,0.34910200785544543,2.360041447956879,8,2.887604821865696,0.23026974863707,8,0
0.7047677996618,0.636647032605733,3.8912000730636023,1,3.712137045880605,0.5390725086346202,3,1
0.45101022280912983,0.3922031761125,1.9317171677351233,13,3.3403869354019524,0.3480148983374865,8,0
0.9872845369675021,0.8970817114772541,4.721950231465335,0,4.440058046509399,0.9189135719492266,3,2
0.40497737462109235,0.30459643513935747,3.079242609189434,9,2.295196915597039,0.14936278679438653,5,0
0.6870874612686577,0.7467624389086686,3.3230997016663375,2,3.9709402496046184,0.469089874056824,6,1
0.48389079526094164,0.46866379472407693,1.8772875313801967,5,3.4216298599353374,0.34401500508751953,10,0
0.42416795491061543,0.46428547450667934,1.6086949210121682,5,2.1900453234219164,0.18794414257288466,4,0
0.5174614320300897,0.3192133084633301,1.2102670152874935,11,1.181907515910484,0.4109300296451781,10,0
0.44281021669073467,0.3476836656546566,3.1265401446028447,10,2.3627638206517494,0.490258411000553,2,0
0.8923112515497145,0.9873508348392475,4.654683043009607,2,4.882914816518722,0.8977136230396697,7,2
0.7622645908050718,0.739291155895395,3.2556662233318145,4,3.6067928958213367,0.7312932616176283,8,1
0.6985913032941771,0.6449520780326999,3.164620513236505,4,3.1986445768974057,0.49627424076233584,2,1
0.6513266297572662,0.6670094810178299,3.234754421724971,3,3.018275069723506,0.7526127875054944,11,1
0.5506423396164295,0.4097427395174199,2.586456043875759,10,2.606686644181059,0.09792040629345944,8,0
0.9098659905964632,0.9740222460694629,4.738112351858328,1,4.057647582199025,0.802734393650414,12,2
0.8860590256854687,0.899734704860079,4.869527181457942,1,4.071158285173433,0.7207022777838449,3,2
0.9548462780752862,0.9637752821374586,4.113165432989907,2,4.620473785051971,0.9226759561597262,7,2
0.4472557117916497,0.41725754745476573,2.7669430422136143,9,1.4190480407207942,0.018335713466771486,5,0
0.6602185731937018,0.5564048951373421,3.3579611945327645,1,3.663310709504002,0.7272488825318486,12,1
0.9795298890386533,0.8862965695475568,4.9645642779618795,2,4.498236000499273,0.8220022209995749,11,2
0.6575641734946932,0.6294565488462919,3.9556494672664892,4,3.969615938904338,0.68653634240336,4,1
0.5120843605023803,0.37452636856894916,2.0936873050593228,5,1.870638667558251,0.2569947445799054,8,0
0.41899712856075405,0.3101622063820001,3.396353742207996,6,1.228216691965334,0.15965681879520743,4,0
0.693773461483319,0.6338807318177038,3.369354130089432,4,3.3547972896563887,0.5559933771344918,11,1
0.7873836108494371,0.7740745865571683,3.714899534091314,2,3.283284403492577,0.5561220061074676,9,1
0.8760906195883393,0.8640785927235034,4.918664137492933,2,4.829286799316756,0.9636936700846802,1,2
0.7381478900564292,0.6212873902365467,3.914842149851655,2,3.4631994363089205,0.5898630026570824,12,1
0.5400642427513762,0.44603396290981656,1.6091417901596665,8,1.2323228609484749,0.12852363321603993,8,0
0.9979244377126945,0.9652008152969814,4.490925348327096,1,4.427486454090268,0.7990854002506252,1,2
0.8962028227588698,0.8541778361231611,4.668237793443426,0,4.672847133488545,0.91727635824974,6,2
0.9954866051377387,0.9159610729761862,4.350531633496391,2,4.326253918041147,0.7898150121116044,8,2
0.6947796815694182,0.7569614821025246,3.873678034560749,1,3.3851061229899204,0.5629747586808678,5,1
0.4562985428866381,0.3443854726994829,1.1052329740909048,4,3.2758477551438356,0.02255033861016159,1,0
0.8063706791449176,0.6181590766554564,3.6522811128184465,3,3.8685528307858377,0.467844746201528,6,1
0.9914695871230408,0.9454561422300062,4.392060620157808,0,4.82591770731603,0.8389344141512534,11,2
0.8367599071153932,0.7364054499091791,3.7176761577934996,1,3.4051485536784067,0.49321566851971793,5,1
0.771347800862877,0.5909606724277017,3.920628136710776,4,3.2093060758342085,0.42828370361224777,12,1
0.7937257067178932,0.6875058043049331,3.225789552150629,2,3.944208838346108,0.7882492775261879,5,1
0.5839150154335664,0.3167975624394728,2.9795445986740825,4,1.3350380711266019,0.014391338156669486,5,0
0.9566135181532981,0.9895910207269806,4.547581201552075,0,4.447673425410418,0.7402824552706826,2,2
0.5864253738252104,0.420044570133167,1.6495089526603994,11,3.0466985512496043,0.06422435904659568,3,0
0.7877095252420934,0.6965525637889696,3.6799717100893763,1,3.7433528955700126,0.6820988185576456,3,1
0.9864331219027154,0.9900356625186473,4.821213192686428,0,4.858023271007229,0.999288489220647,3,2
0.5060280417783037,0.4542329212044849,2.854280153782325,6,3.4795248783734087,0.04958904979360795,10,0
0.6592656005744967,0.7946813498859746,3.438044075905384,1,3.527050156492564,0.627188173201887,10,1
0.8601895076001655,0.8949700791347853,4.681812867474138,2,4.8792551148463845,0.902674027585078,11,2
0.7617377911450349,0.6416625283145466,3.6269684345287168,3,3.429673363355148,0.6924453732024248,3,1
0.49442306175210776,0.4885100228164294,3.1285623943627394,13,2.2528824979550244,0.19858938871460552,6,0
0.5813854057063284,0.42439168547195616,1.9501862723430132,7,3.3360900670137856,0.1758113436198172,2,0
0.9751333695659496,0.8585468090496052,4.4767465474264965,0,4.190725987590895,0.8041187105498184,2,2
0.9602469962539002,0.9559369243832894,4.660420586854817,1,4.794480817853506,0.7834387466459837,8,2
0.8680784099782258,0.9166548023862271,4.347993145297535,0,4.787549085858779,0.7753004149786901,4,2
0.6941567687807385,0.7343332796056116,3.9929434657829073,1,3.4091825874584885,0.5284579150278096,11,1
0.6760005816514079,0.5702186334917816,3.893404729087987,3,3.5023718199720957,0.5278747576671209,6,1
0.8793039377098415,0.9533143811217049,4.907969209858753,2,4.820696160766779,0.8432051194367204,8,2
0.7016161963590946,0.5800893396253984,3.2954220363137647,2,3.9902851705849414,0.6384232459366133,1,1
0.4908644643791337,0.39616043542088264,1.5813783959134502,7,2.0987792215822756,0.052832342130871957,6,0
0.7677206926371465,0.7424122000873259,3.83629131310246,1,3.882823162678494,0.5844663315422796,6,1
0.9433424572298484,0.8896952540388036,4.695772050314481,2,4.821647932961771,0.838456878276582,7,2
0.5170117212340837,0.47933940486654386,3.3606289928129183,14,3.002373236705999,0.33858417119149087,3,0
0.4938564825548639,0.4433807054534221,1.2572900768603625,7,2.142500548204196,0.30197893603625625,8,0
0.5100888308752651,0.42589804301158085,1.2381537698865657,4,1.9777038416294017,0.48470616116764376,2,0
0.5201381078127801,0.42037064504457,2.339436710186896,4,1.3767938599135736,0.25409938837035934,3,0
0.5828127842101629,0.3712254101095038,1.714280215704652,11,2.320925303243023,0.218167915803278,10,0
0.4833100833734365,0.4276849657060879,1.8203816686868297,13,2.3566115867689414,0.1432706260641422,10,0
0.44406994826203533,0.3742721392220478,2.4861908379654327,12,3.469463800537218,0.06821987627836656,5,0
0.7177485519306557,0.8144005043047049,3.040288945734542,3,3.3125980249083002,0.5601662268740103,7,1
0.5401265882972113,0.36711776761539217,1.7413389532191381,14,3.4268748941766756,0.4711576948365964,3,0
0.793092580964138,0.760961193472975,3.8696164577322616,1,3.1842486515726742,0.4222309311452543,7,1
0.7589520468175756,0.5785200272611618,3.4492745469566497,3,3.1747812848749337,0.7411500233660608,9,1
0.6822542482646371,0.5777358018468777,3.419136174442055,1,3.4856342984133404,0.7559923121590661,5,1
0.44857254958376175,0.35739149534861103,2.8298951689640863,7,2.059345634121907,0.33377494964573523,2,0
0.8016196266916525,0.7641783554851194,3.063794556253598,3,3.2422571575847674,0.4793603178765719,6,1
0.5637775125968117,0.38743083025280356,2.873209281739441,11,2.967425337294166,0.05596796351076516,11,0
0.9995672906025097,0.8775178601725344,4.634727676480812,0,4.465336933939486,0.7041047244282043,9,2
0.5251688396750362,0.43153254725839196,3.1229891289132983,12,3.2584095315900625,0.3233324595585817,11,0
0.6552194068774672,0.6670515096282702,3.993578172819219,3,3.5797714417624795,0.6106847340436613,5,1
0.9111953047565919,0.8838071902010148,4.276249775720843,1,4.896075111794573,0.9541583317100746,11,2
0.6966363478823968,0.7580928009680754,3.776821367240281,3,3.0048684076555032,0.5609445168678682,12,1
0.9961387998656145,0.9173220468619909,4.2431225033662345,2,4.714326635734998,0.8385148431439358,1,2
0.4826842758585178,0.4780971259010143,2.7650475191600616,13,1.2015037843928116,0.3639696534868826,2,0
0.7638783477580114,0.7613103224286147,3.3153637432661176,2,3.490408519185513,0.4661065958277629,4,1
0.5041146578171366,0.3804594790385425,2.4213007093748957,6,3.4762628550016834,0.20630883845571324,2,0
0.7524463051075903,0.62397709552139,3.7678763636337114,3,3.4391306608048504,0.4155797095815768,3,1
0.8766192733712755,0.9970852340591085,4.29322629871702,0,4.895697963199372,0.935050024253577,8,2
0.7355536719279899,0.704021753937883,3.7457176662047873,2,3.6254334501665935,0.7152246023743485,7,1
0.8714334186204135,0.9886430606191992,4.393241114693436,2,4.5934613827047235,0.7048730329628361,6,2
0.7800789769103436,0.8117845980291533,3.8372630071385085,1,3.342730925427907,0.452484744170602,12,1
0.729485703423814,0.6788747293508134,3.303282939404527,4,3.3169041377206248,0.504049874279194,12,1
0.7203046595871351,0.7096368153598527,3.790014841559882,2,3.5845431132594583,0.7780355067908298,10,1
0.589303524149177,0.3699788107963012,2.1215265773863563,7,2.9509994403681863,0.10860454884560528,10,0
0.6597185390678756,0.6653600978694385,3.5117074471147007,3,3.8835647283701906,0.5055417979305027,10,1
0.5067786410186933,0.3657248850253219,1.7879738027433976,14,1.8683583156471066,0.44991667284363623,2,0
0.5727841364815953,0.4482404820517194,1.0175730095340478,12,1.3972704191733838,0.30511257473882064,12,0
0.8641535512290636,0.9513130311320633,4.140368211221212,2,4.1314891198979815,0.7824194576558559,1,2
0.8707771253890952,0.86133754207811,4.956280898761009,2,4.4303747496907935,0.9087392432966335,3,2
0.5042951761789056,0.3383287878427448,2.711428869699583,7,1.6366016369094096,0.34075136111196463,1,0
0.6787679843478561,0.7815515164648452,3.7072283283354235,4,3.8093695444369455,0.5479205227737424,5,1
0.9846079835651353,0.8626451971917025,4.826470386912069,2,4.258711642155441,0.8303209957019829,9,2
0.9753306537909813,0.9932590767227484,4.839078454295204,0,4.636401370183407,0.7153406144326302,7,2
0.43330755904795537,0.43110092925592647,1.5023342216476412,13,1.241691124116799,0.22518546812909257,12,0
0.4580496190250245,0.37542648824411384,2.118006351262089,7,3.1833416543096194,0.0808821056760548,6,0
0.7684686470830894,0.5683008470435085,3.3246091685101615,4,3.9724613900279024,0.6020240682366782,5,1
0.7205938371507761,0.7281760021550839,3.5236634160546108,2,3.755133617445196,0.6287833281306285,4,1
0.9175875253098802,0.9810584380273337,4.6741588364162645,1,4.427601333703337,0.8327636544444237,12,2
0.6702040864961631,0.5831005910997934,3.941048260038377,1,3.115146178395201,0.7444767045562273,3,1
0.9307637165074629,0.9946026110676554,4.44578604168722,2,4.20886407070574,0.9776911990076007,11,2
0.9194791180015321,0.9861757770825301,4.556353682064846,2,4.557927445150701,0.8754004270497474,2,2
0.6991550800089705,0.6506857285930415,3.7941823453171835,1,3.810683570337592,0.7698641255876784,7,1
0.40482340757546553,0.3296689934995762,2.789930572118494,11,1.0677399812587087,0.11098608096647472,8,0
0.9930743473620685,0.9400976599822534,4.769234524558904,0,4.268958945826471,0.8220915728902791,6,2
0.876943500067927,0.9128421685281213,4.776060243027576,0,4.4042397296442095,0.7963243291261151,9,2
0.664939075088054,0.6459652820762566,3.248287479630846,4,3.220699074785335,0.607990261358909,11,1
0.6602277997326073,0.6050638454378168,3.038957846348464,1,3.0811642244637145,0.5763589668503801,1,1
0.666609193495506,0.8215830660799655,3.825534841520416,4,3.2171032294698905,0.6113905571698881,7,1
0.801504928002478,0.6973051206528584,3.7503307758199558,4,3.420736562568617,0.5957587080014183,8,1
0.7268977621276351,0.5754184524964495,3.0658117606905764,4,3.5827144493446816,0.7168647902072269,10,1
0.41993673389945324,0.3459885530138802,3.466656483167866,9,2.5453893357952975,0.351232485272052,10,0
0.4249978601741794,0.4360067432895968,3.2725813016641023,10,2.5813513330657654,0.18642431859446723,2,0
0.8687765470270612,0.9759007738534003,4.103437930392724,0,4.940448505736173,0.724814638457306,12,2
0.43153143010619915,0.4675662740778823,2.068724219801538,10,1.324566122379294,0.34343049883751453,3,0
0.44340640085294675,0.48930344405078097,3.436982905366958,6,1.2038162238810668,0.2016306805619159,6,0
0.8951636974567762,0.9766318487929214,4.535618515258464,0,4.308468281489484,0.8719126601857047,8,2
0.4531550663620997,0.37812927696571536,2.5069547050582464,6,3.0563431073079226,0.474899956645962,5,0
0.4981608193414927,0.3495575432177777,3.4906342493948106,8,3.251045142908326,0.31655072863663397,9,0
0.9399627218071305,0.8956045408672,4.386294002213124,2,4.022425889162055,0.8081280481424458,3,2
0.7553990426236473,0.572259837947734,3.004187443627958,1,3.055415888442244,0.5291471307740184,9,1
0.9278353193112016,0.8953629266917804,4.6070675280354685,1,4.137148488152743,0.8742097253662855,8,2
0.712553816914865,0.5652196959289211,3.4502362866726175,2,3.7096713435045245,0.7836475174515692,3,1
0.8645420824466061,0.9488076458090533,4.579062688356309,2,4.172523876946362,0.8703922891948241,6,2
0.5661933178099978,0.40049805546517026,3.3476692462822406,6,1.1750742643686776,0.004742716814249037,1,0
0.6532134319851054,0.8137736839402874,3.269630008767183,2,3.007042914624142,0.7141434579525754,4,1
0.8802142684987134,0.9675981038034033,4.477450650500274,2,4.292383110412193,0.8331758363519133,9,2
0.7325608830278542,0.8021647648263441,3.1806575413113034,3,3.5425733269659556,0.6548988403173238,2,1
0.5429511605931592,0.4504000183079112,2.9740453569863847,8,2.2360507617564536,0.028779380008322142,10,0
0.5398218765072405,0.46114433813870787,1.3069422241567712,6,2.45760390242423,0.21071227529624897,2,0
0.6742842504284727,0.7188488601527501,3.299874268444065,3,3.4745335626224407,0.7182621352745862,5,1
0.8144585318180052,0.7173926611725956,3.674037867424957,2,3.5978080134015142,0.6592482899152301,6,1
0.7240809517953053,0.6892137394199248,3.1380154870200516,4,3.176896950823984,0.785061101846023,8,1
0.49598928697956124,0.48375405689924234,2.044402448187749,10,1.3060847458973526,0.3625927740136954,2,0
0.77406043504619,0.5946366578370424,3.977031676545176,4,3.5831302190995835,0.6847864699253272,8,1
0.5555543408526542,0.4146116879405407,1.843067831888551,10,2.9315568186234566,0.1324477236183667,5,0
0.6634971100666348,0.7873092671258378,3.335682400642842,3,3.104660440346481,0.5649479820592076,1,1
0.7128065904381953,0.7659736510704709,3.412403060467866,1,3.7350251861898234,0.6379420895941316,1,1
0.5220873879116864,0.3800371301258737,2.5904434117705817,14,2.7147781776246593,0.49556321591065183,12,0
0.7403403858942194,0.7962384257880161,3.383397141058259,1,3.8205521392557187,0.6638914075797406,1,1
0.7679058009344572,0.7351215188879119,3.6993847409873672,2,3.6374024812092216,0.712712100951451,11,1
0.4777010594387113,0.3329259208134607,1.3910926066777152,5,1.599468397893508,0.046936645040645875,9,0
0.8092959312375161,0.7575300079218179,3.6869414350035106,2,3.205881988178321,0.537467608307907,11,1
0.5783250147129925,0.3001479655097927,3.4805288982280436,4,1.7606056073988443,0.2623782158161189,12,0
0.8851098414404938,0.9557708718355845,4.509654792560291,2,4.452911070267611,0.9846233185449134,2,2
0.9993612522667834,0.9783544140756308,4.56930112013923,0,4.252307249839406,0.7660675904131945,12,2
0.6504414471650668,0.8353399726412967,3.9061375361274795,2,3.5645940812903216,0.49840587026286065,3,1
0.9168416522388555,0.8520547825613372,4.172200021810142,0,4.232018180308811,0.7043144338216255,8,2
0.4051632530572604,0.4835862480342916,1.3186348985571725,12,1.7305455761547444,0.4553850808219576,10,0
0.7381238666881315,0.6004534458613231,3.337477045712972,4,3.115605610611512,0.5515660687867701,3,1
0.9546436803273567,0.9559944804818065,4.649006675371537,0,4.525756219559135,0.7748573100514745,2,2
0.9682973838610842,0.8685101222808395,4.663690116490575,1,4.5511599619163725,0.8314535839745033,6,2
0.43342579800869563,0.30343431908694896,2.2347342879585863,7,1.9161719614571497,0.37208526152828114,3,0
0.5616764052658274,0.47777064890198,2.963351627784859,11,2.516072649148975,0.004598525808314824,9,0
0.4602671861854257,0.4650911188527085,1.9391806297043161,9,2.622686646985983,0.16419061394254053,1,0
0.7552956536909103,0.7204916742194962,3.93454024562186,2,3.572772509737109,0.49295151214491884,3,1
0.48403676485237296,0.35927087819407477,1.8018568510953186,9,1.5748865147277153,0.10655235201254165,1,0
0.5002059282033084,0.4366771882501401,3.2256451325445052,8,3.4336434749404328,0.16842025093055163,9,0
0.404381860757869,0.3997071854490939,1.9996524292881386,6,1.9561549781679068,0.4916154429033941,9,0
0.51880788544065,0.4488503179289068,2.530644964702895,10,2.6520502957481265,0.2765007262959792,6,0
0.9251077347620902,0.981125602323554,4.283092827622482,2,4.285508780118511,0.859473219032498,3,2
0.7971397039751976,0.661810533676381,3.506685790854003,4,3.4377168249335415,0.5079341114610104,5,1
0.47292826086727835,0.4086557315331654,2.4694234021554955,12,2.413874912303601,0.4898233575169417,3,0
0.5770827250288175,0.3609220165103077,2.484707743894747,9,1.8415106954848015,0.06720733846948712,7,0
0.9409617759188504,0.8720444064382314,4.830011392940124,2,4.163881023780482,0.8928456744400523,1,2
0.44358500168394044,0.35052820574320537,1.9008627380131706,7,3.4655268611990073,0.34908085700987257,1,0
0.4521990414349227,0.33937325331153073,3.1955516686979806,11,2.5453206011447396,0.17908135901642025,8,0
0.49234294556573255,0.4748564644316875,2.3019203545855316,5,1.3202393659155,0.1691337529972492,8,0
0.4107113443636762,0.4642972514884601,3.032252522825194,8,3.4915920926847637,0.2777158528013137,5,0
0.755278863275207,0.600604561055407,3.3787033555811594,4,3.15915908399383,0.5381201367362031,8,1
0.7294753111077623,0.6397297105124289,3.9367245558534902,2,3.0684407092426262,0.7499849541454187,6,1
0.7253522091334026,0.5862123223027176,3.5254451263621798,4,3.5727702766869456,0.7196033173005605,1,1
0.9169949084775879,0.8599014766210362,4.413938480572531,2,4.632089829506242,0.8731121993385732,2,2
0.5437827860808406,0.3986833133057481,1.5122031853767814,8,2.6490734159868556,0.08080990564293572,11,0
0.8696199148813545,0.905436129914016,4.517814667765302,2,4.656729484721608,0.9126296965687463,11,2
0.6988589467107282,0.7586225651166979,3.0281215062779236,1,3.299556319614897,0.5785200886948232,1,1
0.7290705798171699,0.5982961689142083,3.9861767972836946,3,3.0543480983486573,0.40722718110179,6,1
0.47322913548258405,0.3030335879218407,1.5772345640553724,10,2.524991644456552,0.41659745586808217,3,0
0.6836541573976683,0.5514904919998125,3.4454095211057867,4,3.3288226178486093,0.6583023581049808,11,1
0.9369033680072145,0.8967976030489627,4.534250378211825,1,4.0160618649810065,0.9346513789273738,3,2
0.44486214129230683,0.4443915276981413,2.328164384933835,5,2.8686773453343912,0.01834160144529895,8,0
0.400063176162893,0.3033606838265189,2.5063829096071624,10,1.3800621328216203,0.03067481355533408,3,0
0.9960145767261471,0.8997020510654576,4.533836952300874,1,4.6107800710757685,0.7842049646547923,8,2
0.8145842453508574,0.6788133448972362,3.1370528028281557,3,3.293916760504934,0.5740672803947588,8,1
0.7430593149177658,0.70331041515689,3.334442527118104,1,3.7280122577961974,0.7171275855155141,8,1
0.997761842849465,0.8932608156728118,4.965021936866834,0,4.385511904736922,0.8021161312763516,4,2
0.9840520552338923,0.9843534916399925,4.367558483853194,2,4.111137147332013,0.8944315103602369,4,2
0.9972152589379274,0.9216817672033364,4.579031778034079,0,4.76190181260487,0.9500949885812757,3,2
0.9435934078261408,0.9392204822016684,4.434980352642697,2,4.838491833843025,0.9415270955486987,3,2
0.4264616938060436,0.45086478596135626,2.5501818898212836,7,2.8536522778476137,0.28657542462869434,6,0
0.6536418986297458,0.6752769177243978,3.033011935900327,1,3.579792843832955,0.4649363833493109,7,1
0.5698962661861824,0.3364547916965611,1.8084289052888018,14,1.85890118693926,0.3085778916978234,1,0
0.9527477525718251,0.9020443989601837,4.451679637096674,1,4.908228488700323,0.9276145963491762,3,2
0.5114827214761312,0.4833985083801862,2.5175856192167116,12,1.740683764260206,0.08263346953150125,9,0
0.4470325915646413,0.4060984077908076,1.5638503561093386,9,2.454928504785997,0.13449670221754884,8,0
0.9442355029625614,0.9905663417379516,4.3806219232601915,1,4.1612188119751226,0.896922881050197,2,2
0.5842837355847745,0.46000259539578464,3.0958217617778447,5,1.0920546690899784,0.0669260594003166,5,0
0.7608500886135027,0.6846191451961168,3.619204317292155,4,3.1864198048539745,0.6922540802915332,11,1
0.9409047557771724,0.9856539662490786,4.8356670625754985,1,4.941532910284441,0.93526185230958,3,2
0.7948202910796937,0.7215979209787962,3.1920233691363444,3,3.487212006921914,0.409658302254699,12,1
0.4591484628396407,0.4159634188290745,2.790376685557984,4,3.441813096656447,0.41158700779783014,11,0
0.5421564621360095,0.4059845128471033,1.4514864954382523,14,1.8001495813024586,0.3765936679567014,9,0
0.4833369296460222,0.43779895547887593,2.216672353561757,5,2.494308913139661,0.3964780473028158,7,0
0.7649194915788904,0.6623608758175362,3.863479894912813,1,3.7986557803566363,0.7637736462335222,3,1
0.8998871230143345,0.9194277932523776,4.494684639683692,1,4.396796847086317,0.7133163316512563,9,2
0.9662286755260255,0.8923744098959279,4.417745352440272,2,4.9037575717751425,0.9537548651379903,5,2
0.5460186792595203,0.32149086562454887,2.988775929241008,7,2.6912834644431163,0.10783757619885859,5,0
0.701972985510368,0.6659008206048685,3.9828601178554206,4,3.044588092734144,0.45579416156212693,2,1
0.6731049992761309,0.7335946866839091,3.899023982649484,2,3.76973141829688,0.7162647251423182,5,1
0.6815885127664432,0.6601238473982781,3.6171942271169666,4,3.582686146554583,0.44840187340837323,12,1
0.9057439558842058,0.9031637423189582,4.555070738079762,2,4.23178359028935,0.7955826888290821,9,2
0.9083478733142842,0.9003415681404764,4.980672921550227,2,4.118874391177072,0.9294157424428837,7,2
0.9145821294118162,0.9594790463272718,4.894032700485363,0,4.714032644466856,0.8823715642272111,1,2
0.8765889302275761,0.9942270008474627,4.742969687263939,2,4.396553681989963,0.739514508573728,10,2
0.8021554389733525,0.6808277202413741,3.7186992659727958,3,3.7193006090251135,0.6413113231584665,1,1
0.9415092263675524,0.9985313340381432,4.3152429000040184,1,4.644591174742343,0.8683880628845209,6,2
0.43512234654985016,0.48422107927526614,2.9378320584027864,5,1.9878755900045362,0.4633294328968971,8,0
0.5136743510709494,0.3873394874246149,1.1898335259240551,5,2.998539697422448,0.3473482354272134,6,0
0.9726179683548463,0.957265024192555,4.633842397135521,2,4.949200693180892,0.9498495705607227,11,2
0.8946276442146717,0.946092277532333,4.6999404311419575,2,4.960167784728745,0.9290737206599717,6,2
0.9812533887056368,0.9920100593385093,4.195315223963382,1,4.6122581507618445,0.7639255026054425,3,2
0.9548559174442535,0.8967795786875324,4.796592240337486,2,4.21980534882319,0.7394554800749134,12,2
0.660357266213187,0.6410727040063454,3.499198946841332,4,3.226978539471521,0.6901230230478392,4,1
0.811525219590157,0.6338535969917038,3.9522600783623236,3,3.5674432080232297,0.5470330076639104,1,1
0.5556220676337147,0.40275081344725344,2.775606996558279,12,2.1779197473320364,0.41081844885523583,12,0
0.9994957611150678,0.9694011103640925,4.778360663385204,0,4.336007058990109,0.8397047625286839,9,2
0.7181610770031488,0.8387371012355613,3.4801835152618876,1,3.1306726304132626,0.5134897619302187,6,1
0.9399764657911936,0.8714501683998589,4.437093419041623,2,4.938894960041275,0.9681955615140883,12,2
0.8615135517089275,0.9739826611287197,4.8208826303630286,0,4.0987372068826655,0.7226983311712332,5,2
0.8862811367969152,0.8632577420476778,4.729053945638647,0,4.4323462264033475,0.7093447278380173,6,2
0.949193258115422,0.9395938630530204,4.688045148630812,1,4.295654541612485,0.8858847780834767,5,2
0.6631391778665152,0.7899746350743453,3.254540542921661,3,3.7802126485356338,0.6199182392116069,6,1
0.9551369897987472,0.8837335325223868,4.488242583896667,2,4.563324642033047,0.8282505493984335,12,2
0.9093643648300401,0.973718178441668,4.564093465270808,0,4.5390945527360085,0.784741727911001,7,2
0.5267245882282724,0.4096651949752321,1.8714341681049262,5,3.4985343144266663,0.024106019430278014,9,0
0.8635198741588181,0.9541675684196063,4.1739863573406035,1,4.4345959608587115,0.9321638967190469,9,2
0.6656571346537702,0.7239906788957091,3.485646865334277,1,3.3024663174614695,0.7348922672853839,11,1
0.45259728147465983,0.4125465624327388,3.2809083640417276,6,2.557416458908707,0.3157801100462603,1,0
0.5165488872278001,0.37946617689521756,3.3318212083850334,5,2.378969681360175,0.08241713056850047,8,0
0.5368384905101362,0.3202499587244481,1.3500463466511226,14,3.2500466046202625,0.4369450387812576,8,0
0.5567593879342118,0.3946685796300562,1.192645697835828,9,2.738539120820133,0.37296260440683726,10,0
0.9571327779754376,0.9329143552050374,4.294625475367876,0,4.805432329299986,0.9280482789370477,4,2
0.8191449581411965,0.583322839574954,3.003837145507801,3,3.7379277689988,0.6329974046036339,11,1
0.9625379410737736,0.982249372349907,4.209345851978989,2,4.105345484481333,0.766708391424451,9,2
0.5723670558341076,0.42743913926210847,2.4011015774511,14,1.9743984685662301,0.1897514516873593,4,0
0.9635171521763837,0.8822001795958805,4.698495064613996,1,4.0083199422271925,0.8300748377897843,3,2
0.8288801051261524,0.6005786874623349,3.4716494907505955,4,3.030930881393566,0.6786214995734942,4,1
0.4569232232356306,0.35888801599103604,1.9932952886439947,6,1.5247639827389645,0.4490271447203569,1,0
0.7373324735032901,0.745970774939615,3.618610289093939,4,3.996526308798619,0.45273475234801336,3,1
0.4757788456437086,0.47529838103668004,2.1801510854924957,8,1.172395040891053,0.02852736057562716,6,0
0.767870537903507,0.7830890184434112,3.083724937845348,1,3.3033855436291333,0.7049374560687871,7,1
0.9366380776531616,0.9600858065502804,4.411902883834893,1,4.408455581408482,0.9039091650500035,5,2
0.4711626225809989,0.4806357182178841,2.8299848545285125,8,1.3900466011060912,0.07799726016810132,11,0
0.44942998028278974,0.4388559833463387,3.4532427262431167,5,1.3624126809495425,0.3625778637755574,5,0
0.7164723329943623,0.6207025619359521,3.6559033130983996,3,3.5534717762098498,0.6224119061052423,2,1
0.898781753405637,0.9881961268319464,4.624871723849388,2,4.051989351977707,0.7095231296118966,8,2
0.6551454153973097,0.6802877659550346,3.296444887744153,2,3.1817635977611944,0.5966118083481909,9,1
0.9200578904577247,0.8801597728074918,4.562780936008405,2,4.900960895690468,0.9988473020496336,6,2
0.8865741424161018,0.9373274845138885,4.283996516554592,0,4.3976123785528705,0.7792828789475917,10,2
0.9474697407905164,0.8607663709339769,4.714355499101062,1,4.463172716751342,0.7703960325327548,5,2
0.47297721618333743,0.3069790681110566,3.393175657458314,11,1.8753131479168252,0.028921338281698183,7,0
0.5343753405195457,0.32898241815370965,2.440720900417033,13,1.172303848418047,0.03866053274439363,8,0
0.9102201735583819,0.9706655811519258,4.350883885173097,1,4.957448019038096,0.7026589855340406,3,2
0.9875496183874337,0.9757398039318557,4.738444670378652,1,4.413642674918635,0.847859375334234,6,2
0.9913151324007452,0.8627655229179678,4.447037833262,1,4.41621805884535,0.7504354385197887,11,2
0.7166477483719593,0.7914811864413318,3.493406700413395,4,3.44797165638219,0.5581339537688632,10,1
0.5599973688535548,0.44609437084992554,1.1655899446296647,8,3.450081438213693,0.2463090469964348,11,0
0.7849801448523582,0.6714878511899465,3.5172721697543103,3,3.0282287596507063,0.7335144845388744,7,1
0.5767171665968504,0.32010847782743096,2.7474768450989693,10,3.2040928319258755,0.4806576440924537,9,0
0.47056762785352674,0.35051171596431957,2.61522530865627,8,3.11089270684904,0.049041290392122294,10,0
0.7528589012952651,0.6323769328217245,3.994774954573906,1,3.026608366077684,0.6867391220596225,11,1
0.444970186799595,0.47246180420622375,2.4797218470532107,7,1.9406489638272895,0.04175035834933438,12,0
0.5781037326344526,0.3082030098014322,1.4120370393235928,8,2.814949774963239,0.40889266492847254,3,0
0.4591799025152239,0.4482941844337567,1.6939679315735452,13,1.032736141470834,0.3317686860083553,7,0
0.550897492942646,0.31766822156639507,2.4705056673709764,7,2.275274281247063,0.36170238280614314,5,0
0.862457330871328,0.8939962916170847,4.795827686526804,1,4.223263385505196,0.8925579876566065,12,2
0.47227980142643683,0.44736625167581223,3.4111916347520292,11,1.4668082394326036,0.04701805221713318,12,0
0.5450851008903546,0.32662150339562596,3.171169939744782,11,3.4634182806043365,0.2355327263469072,1,0
0.8775770300667715,0.8525421497334371,4.793142390581386,1,4.36773365080511,0.7545217572128389,7,2
0.89959215829387,0.9127873428297234,4.363264782928627,0,4.961492324574112,0.900360372010244,3,2
0.4996341511722402,0.38374492191826337,2.001907652188315,9,2.913390702665602,0.05149073966565776,8,0
0.9187227191540239,0.9670548254510323,4.5287021599709885,2,4.544505769049228,0.7613382658164135,8,2
0.49883194087695903,0.38109524076442425,3.1916634446561236,5,1.061001953891345,0.43504943695046494,11,0
0.4215599690357119,0.47569178747292695,3.1933483834524523,6,1.5713750544932492,0.08747746354796809,9,0
0.6665435290596886,0.6086233257753285,3.545490340494836,2,3.2979772354958437,0.4350062052184613,5,1
0.5238166968214182,0.3700200053075146,3.1608956245990925,14,3.4204835697868043,0.09276275785156057,1,0
0.9921658931355557,0.8723193954107673,4.516408044558854,1,4.58873152213132,0.8125989723758805,6,2
0.6926327661619611,0.6963058479759023,3.260849245962089,3,3.1854088503740545,0.47100462026392365,6,1
0.4744097267026677,0.3236431358864027,3.3910392438985624,8,2.9658625360388804,0.04470550115612976,6,0
0.8383912274072034,0.6104114631024702,3.3554393373640616,4,3.730879623322208,0.6732829533008629,11,1
0.5829033705254262,0.4794378478596819,1.352704621944284,10,3.2408395463027992,0.006500961755368018,7,0
0.5679193181430509,0.47627293380709046,3.4872695566160883,14,1.990605047256647,0.37911923785204565,1,0
0.5727708763949686,0.3491681965040032,2.656305710884955,5,2.062889686228112,0.10397083143409441,4,0
0.6603992143157473,0.6092302108468444,3.4186951433276844,1,3.105405285956167,0.615991141847153,6,1
0.9323505914779422,0.9610242053142195,4.6676304240429065,1,4.689778849248121,0.7431825740716692,7,2
0.4023093501910651,0.4842769770744514,1.1078997798764403,8,1.1085019582454319,0.462321665111798,12,0
0.6914775912441874,0.5658610206271176,3.017670044795434,1,3.039006420762818,0.5776710449761424,12,1
0.6520047132655361,0.664286144304606,3.8509518994068,4,3.1261153223754103,0.6268713957146559,12,1
0.431603005471197,0.41729683390846506,2.3077118114544617,14,3.324014693554973,0.2661301066695201,8,0
0.4921078897585658,0.3973669546175651,2.854217360571664,5,2.583695549565368,0.12894384271660114,6,0
0.6814449571860945,0.7549151974083231,3.5353477680616567,3,3.140547127995543,0.5117247577203876,10,1
0.5640333934186468,0.3986255391758814,2.1979546940743275,8,3.034415720798966,0.05445917092336572,5,0
0.439109829906986,0.3212647276855683,1.674374028792474,5,1.3074270213240669,0.1155654562138233,10,0
0.660758855901736,0.5849096633566049,3.5807685836144216,2,3.2437082119043428,0.5192989771719928,5,1
0.963954316597659,0.8614953709712873,4.885372222292152,0,4.307795831680746,0.9741365331619778,5,2
0.5853528499797237,0.38720790772323244,2.39326342222512,9,1.2133741701966096,0.4984371259229737,1,0
0.6730606656642377,0.8359209089012261,3.780682074687862,4,3.5031791670513446,0.5923795226620384,5,1
0.8112955352004538,0.6652087271237334,3.245550625944491,4,3.3076790894779484,0.7611632283291236,5,1
0.5445953014753853,0.4028406499484609,3.4074800096474864,8,1.2562743199766981,0.46861424361822557,4,0
0.4612846452053341,0.46124726103568814,1.341553328605072,9,1.898727878049388,0.14679592213224668,7,0
0.7289341701124971,0.5569614630050178,3.3353716062174623,2,3.988539987045707,0.41615695463956126,10,1
0.49644597195004647,0.3460578491588652,1.2870920618480088,13,2.9194487536070968,0.04364508979483772,11,0
0.8897426188073662,0.9495285390870178,4.4700777399942915,1,4.856132499013744,0.8070306134869818,12,2
0.5222247615040471,0.38706804919338816,2.3640419732898375,8,2.564849175253932,0.41021342188563403,8,0
0.9725541910573529,0.9328751451111834,4.5681529030796755,0,4.916791690702335,0.916196543584934,12,2
0.9050337985523368,0.9772063134402226,4.755975298042952,2,4.253821078156695,0.7737422317918459,3,2
0.7108762443666409,0.5976431845489987,3.7831614309236974,2,3.717932690940102,0.5106070901326831,9,1
0.7075824946232693,0.7350850803617773,3.3500068684731787,1,3.664423786592678,0.5765741917064087,10,1
0.4459905015871851,0.4277057540071169,2.904049038321794,14,1.6053998456935648,0.40156987818994794,5,0
0.9588670456148702,0.9301435827840514,4.586661110419794,0,4.504795598304528,0.9155361841967651,6,2
0.9219211327631589,0.9561095500049391,4.4503074245226095,2,4.868410787941382,0.8137382975126941,2,2
0.8647146965424249,0.9818778658901871,4.319057014896677,0,4.630039878479982,0.957436118275331,6,2
0.9365041958419374,0.9125790127846864,4.244203040878856,0,4.565419967607743,0.8326756829558677,10,2
0.6815542219433677,0.5671406880539398,3.690726315113263,1,3.9489806670470013,0.4555970564629151,11,1
0.7155062557109761,0.6631857086917035,3.8910216829672115,4,3.41094255235011,0.6356787237303768,7,1
0.5204870062761899,0.3239903008972555,2.690443905188585,5,1.7872989715324192,0.0019085670621735717,7,0
0.4090660642614133,0.40754706999387447,1.3966161191062276,9,1.0359837215743897,0.05803632025345812,5,0
0.8896652062616153,0.896650374209902,4.250237963735751,2,4.3910328691273985,0.7702610112779003,12,2
0.862171166287723,0.8921322947779365,4.287160723360451,1,4.479260089914537,0.7545169879684469,8,2
0.8378131920524929,0.6498493296627882,3.0617623862901997,1,3.2994231248031065,0.43906044902763913,12,1
0.801297126048875,0.7915518437724117,3.985768249585741,4,3.940992322574437,0.6430520454965227,4,1
0.5575731569768438,0.36033097509658,3.381993819003236,9,1.3659349804056227,0.18376721114576572,8,0
0.7390258289723156,0.5929079168917277,3.9846544775908397,4,3.2060056785520397,0.7713173041446403,4,1
0.651228227980045,0.693909374351236,3.285625988562243,2,3.0913088025446704,0.5242889455563042,2,1
0.6524523733163885,0.6157402891017278,3.566892796249536,1,3.439855639713835,0.6511430659845693,5,1
0.6711186671588293,0.5588206054343108,3.7268769061397715,4,3.203994603609387,0.7223211977019514,5,1
0.9206861125857888,0.9995773530854426,4.603153356451942,0,4.446386890263195,0.7210010536399197,8,2
0.8638526859196581,0.9759724243218296,4.776594955735184,0,4.036018818291426,0.7525665316317481,2,2
0.4354483111883468,0.4695862097130958,2.348355604789127,13,1.3052198867516833,0.17814891903848745,1,0
0.7328390843084113,0.7222743450143753,3.5896534951515475,2,3.6154207798208353,0.43181422098843275,7,1
0.9836191354761682,0.8803948951203014,4.628827283998461,1,4.373554801047682,0.7151466833237223,1,2
0.9379498875299463,0.9767681277244052,4.816333748429152,1,4.988521647995447,0.7075712037544792,5,2
0.9022683380108503,0.9641632459035814,4.4188409883569415,1,4.679620332735108,0.7228717653920693,6,2
0.8794419856955124,0.8673606410018058,4.238889408754771,2,4.723973055466094,0.736167524921107,2,2
0.5379629603736511,0.4438454283880666,1.944626373189466,8,2.1263603382752336,0.06457970757574749,3,0
0.4475031253510599,0.41030336234534287,3.167791518024305,8,1.5964921494758504,0.3399223899501229,7,0
0.9512930286634311,0.9671379034579135,4.812317186800567,1,4.865562383172204,0.730852777647243,10,2
0.4790692596541547,0.3914553888107115,1.0479806920576418,8,2.9007245578053373,0.06855485286449953,7,0
0.4908685059694255,0.4702047735006576,1.8055387586115708,7,1.7320550917524118,0.4899851646794253,6,0
0.9155821057732069,0.8630639150193657,4.655359864506021,0,4.345223142801692,0.8522235816153426,9,2
0.8932406855724728,0.9268545666318686,4.193802322527513,1,4.786750335154437,0.9912298619424349,12,2
0.9835828132942791,0.8577851415380964,4.272006838546402,1,4.731724736564213,0.892190677840776,9,2
0.5484223805195146,0.4567751172264537,2.2386302586524547,11,3.237794351766341,0.31833484108360366,1,0
0.518426644097236,0.3628706247220033,1.1588958757150591,10,2.6721031316590182,0.33296117830874833,12,0
0.40555698377656624,0.4569051826073049,1.3221746686836129,14,1.5715629038123087,0.45435065463468394,2,0
0.9341988132096986,0.9743526598818236,4.99213690406027,1,4.011706610730904,0.8266102780382917,3,2
0.7898248772110503,0.6297786756521461,3.6391078469947065,3,3.436757817847075,0.5809601669966062,8,1
0.9619719196075505,0.9018709147615638,4.7039838413773785,1,4.440573528012307,0.7397213840489364,6,2
0.5214327881849451,0.4649044759588042,2.1368496390846476,14,2.2221164506423006,0.33343212877305217,4,0
0.9425927035922532,0.8509652817245194,4.7952646574714635,0,4.154492204004926,0.8461796062300152,2,2
0.7008301357471851,0.7005700226350035,3.2343700906778756,2,3.195980184701762,0.7680688890626857,6,1
0.6781613177988717,0.576708638717881,3.81527633109056,1,3.957631646272588,0.6206405307391828,9,1
0.8626802815195571,0.966865387959368,4.648727682637354,2,4.453578999922835,0.8364617328408605,4,2
0.9838797164774407,0.9608600463909058,4.349718211752458,2,4.339770242298844,0.8366857469311755,10,2
0.9104664307198176,0.9506906237843699,4.343579547783589,1,4.030021332149072,0.8333584759150479,7,2
0.5815737846636531,0.4638042472804356,3.023790186812195,11,3.3289737207974746,0.3676063272617264,2,0
0.6641813019050915,0.8132432756214787,3.9965656562889826,4,3.701738273877257,0.6170212085660406,11,1
0.7497990995685009,0.5822505367280835,3.868169295326504,1,3.126824022550419,0.5527795557192885,2,1
0.9900082786961552,0.8592712691033834,4.18312447530024,2,4.150472271005998,0.9904229144352201,9,2
0.6600167556035552,0.6793894269656819,3.5539794872200807,3,3.9277457330754073,0.7384038181885033,7,1
0.8626762532201669,0.9215265202476726,4.718949838187505,2,4.872048338447008,0.85816785425194,5,2
0.5377056865904647,0.31241770475179903,1.7882258445765258,4,2.346003725951969,0.33082758754027075,2,0
0.5284098365666015,0.38411622368811016,2.1144772864430723,12,2.731090378310924,0.49562799685109415,12,0
0.8764192206920622,0.8753592667659574,4.416624505769317,2,4.577807050251085,0.9598304636133503,3,2
0.668433461465047,0.5686291869985666,3.592696066642878,2,3.055101535158831,0.5664889438510881,12,1
0.8049961868806703,0.6853511471927056,3.076722826852885,2,3.1619230066322137,0.6566598650420319,1,1
0.9173480452853324,0.8966826242595091,4.7094085757615085,0,4.531085344885243,0.9525170085234028,8,2
0.9825715717173662,0.877421085498535,4.350595467425391,2,4.950772707731338,0.9107621504604421,9,2
0.4140213472997258,0.40523231403625093,3.4232563390477475,5,1.4155385797731324,0.10840455329324561,1,0
0.5408129233651112,0.40914989150418324,3.10457194189568,11,3.0698522179437298,0.37525096238265676,12,0
0.8761981845452423,0.8540875017926223,4.5712278366993075,1,4.226521626036106,0.8841910918975697,1,2
0.6649966724572983,0.6055846824607796,3.4745443501585562,3,3.950279223611407,0.6089186984778516,4,1
0.9616003048507928,0.9841678835236348,4.510381348183943,2,4.60211698535478,0.8774220278267464,7,2
0.46941779573807096,0.3926838621536602,3.1270437945903655,11,3.241913561566063,0.040116872830821104,3,0
0.4310946291444839,0.33121050160688864,3.036436800578455,14,2.5843964093004432,0.453933065231258,9,0
0.9152628095382759,0.9896210945974735,4.213151842093003,2,4.31562734376335,0.8934497812066942,5,2
0.918095970156011,0.9569166514325247,4.447590793535327,2,4.1853727790825115,0.8799313944911493,2,2
0.9787795530726735,0.9133943795520414,4.372637815076386,1,4.818026749138693,0.7758440818267601,3,2
0.8742649343292419,0.9040350878200641,4.343353957746073,2,4.866547981749087,0.8715427490821461,2,2
0.532556839002417,0.3342127817463667,2.7412536655676973,12,3.2419710247650295,0.23698082013143618,2,0
0.829644023506305,0.7333148353555389,3.435292724187634,3,3.51801534890852,0.4029106247627156,7,1
0.5729895428966219,0.3566122957929706,2.309005690037528,4,3.3738015591441055,0.07353674046451897,8,0
0.41912112091947135,0.3455760814236295,1.3549299744024847,12,2.8491782518169093,0.09563020895729335,11,0
0.6962703843909119,0.8201811824301155,3.1048357472059913,2,3.153412882389088,0.5429549630778983,10,1
0.7985285079109042,0.6090890908964837,3.2606616548329366,1,3.3422255247789048,0.7827395003540993,4,1
0.7903967865163997,0.5584592687643156,3.54123821443383,1,3.487900195279302,0.4796600224951946,10,1
0.9683000942423008,0.8566060569082696,4.724001638361236,2,4.354666204985083,0.8651990138322554,10,2
0.9749373424218797,0.9349907888358194,4.691327448410696,2,4.410857091840496,0.8681739427003146,4,2
0.9040756161092308,0.8564578604073503,4.8028674772799915,2,4.731496464043139,0.9473414552813647,7,2
0.5042559087494076,0.40154046570917934,1.8899787106799653,5,1.3218709957491097,0.1650497566550777,11,0
0.5385113619277876,0.44654136587032967,1.185111629335226,10,2.627692563754861,0.4574798377718904,9,0
0.9486068862949808,0.8603544311331774,4.1050992330766105,0,4.8219266359399295,0.9427549513417093,1,2
0.873205839680746,0.9622007104557105,4.831442257903756,0,4.067255913967368,0.7284753810465009,4,2
0.5234931468477754,0.43337370667896363,2.9894816735902525,6,1.8449878921288394,0.187791476319972,2,0
0.47975836272479255,0.34867931928294704,2.5287842771642013,13,1.012962156934967,0.31394720747431804,4,0
0.5704654047832776,0.3320822992687604,2.2676277596636027,4,1.0834590044659531,0.18184656237807012,12,0
0.4639103881274002,0.3992786464105594,2.830679517961613,4,1.2761852828284868,0.17731107882038827,2,0
0.9670217019305706,0.9114506580063989,4.6896563430719045,0,4.924026870425733,0.7335641849647371,5,2
0.7714029741749241,0.5736196917384362,3.4350145943402235,3,3.2965375896202618,0.503394167661908,11,1
0.9192967082388654,0.9690355981808202,4.128600635921591,1,4.431233869791558,0.8042556385941264,7,2
0.7127296305599649,0.5809722041606855,3.953402879382095,4,3.708899112773316,0.7875757503974872,6,1
0.5597348973168069,0.31694882245529066,2.338338910038809,12,3.2263182018497374,0.29679622677702433,4,0
0.9761668368402703,0.940921984740022,4.362029823006661,0,4.398005292954503,0.7908747186499577,3,2
0.4418348083704642,0.42981916509532325,1.1903271487257505,4,1.1537925655980876,0.44145313456873064,3,0
0.9292545265427796,0.9269080371718942,4.533394406248268,2,4.39245818622948,0.9262794920041069,3,2
0.952029487503818,0.9208422706244472,4.892141064129337,0,4.796240595562854,0.9262069104785147,2,2
0.7370130107530117,0.6650689043702295,3.431210484864329,4,3.2746658697879054,0.5850296165173979,5,1
0.7030347894471113,0.8198949541130955,3.0246444046363226,2,3.0749600434700133,0.4869738311781559,7,1
0.7646334972802866,0.7824884450254784,3.4695186653456336,2,3.580645225909634,0.7650155268169383,9,1
0.47760611048343277,0.37081081823233963,1.6493844594008156,8,1.1219589541829327,0.26630125970038104,5,0
0.8880911424365265,0.9991972962339997,4.180830938854497,1,4.01431527766706,0.921360855568459,9,2
0.7582044791185294,0.7913934020935532,3.991624342961228,1,3.183423643497956,0.40266789177786183,11,1
0.6578844918468822,0.6433995852067617,3.559744661333675,4,3.9285968815306385,0.6881099687502128,7,1
0.6741509932647346,0.6739871380543165,3.160860293485098,2,3.453267460755021,0.7327385667805422,1,1
0.8087207807540067,0.6070974828149482,3.4411505522306323,3,3.5880004634296285,0.537710126685972,8,1
0.8929052100725355,0.9746032765780115,4.590344891790668,0,4.580467600993696,0.7417590104037086,3,2
0.7539139476206936,0.7084118040379468,3.089473122810387,4,3.296895674268043,0.4002447314850979,9,1
0.7516436679477944,0.5609323402253074,3.8080678171160227,2,3.9868959453882975,0.6942820508702373,6,1
0.5435013798943935,0.3242655618906946,3.065169075631321,9,1.3982600515474508,0.031554516539575084,4,0
0.9474459667360344,0.9796649870302546,4.628242855903016,0,4.069328330387765,0.8914966719375479,3,2
0.45967155104861906,0.34832117642388016,3.0481377621786527,13,1.6108498519661654,0.05647160420558678,10,0
0.4204993711287279,0.3059715452804795,2.591026028159451,7,2.408188929940959,0.34775804321306375,5,0
0.5798612112979253,0.40643462909123323,2.876823767498368,4,1.0679185530638995,0.032602295630246025,3,0
0.6634017711426617,0.8137345560689042,3.190128766318706,4,3.864652354602746,0.44627763964507017,1,1
0.40789884321957454,0.3281852081827969,3.4665753073971173,11,2.7149193399574605,0.008689895092739819,9,0
0.5566893835257783,0.36608374950141664,2.695040381397659,14,3.1612322007683713,0.36695495947685086,8,0
0.6709270337546036,0.6629596475241686,3.2410643458567368,4,3.788035149575022,0.5159135043995875,6,1
0.45716687886518625,0.3541196939317188,1.0922173683863319,4,3.441537389581632,0.20551850665911564,7,0
0.8956148213178585,0.9042779639807708,4.525244019505862,1,4.907380164712847,0.7716569981205783,10,2
0.8288996020194475,0.7036170501714266,3.7323884465975548,4,3.0568813977776466,0.6989456533264347,6,1
0.7028708555555663,0.6646712983702896,3.6871899964686765,2,3.843812863658306,0.5795283297506784,3,1
0.564613437707755,0.34095067507035304,1.9009445498258688,8,1.0829733864060656,0.1519732006203619,4,0
0.9083269091891895,0.9876228764697985,4.361454055104278,0,4.890141137396014,0.9123164050802582,2,2
0.8687351696037588,0.9002918575117443,4.160314883976088,2,4.395961588747605,0.9007925827485638,10,2
0.6618189673898813,0.7885838472979898,3.311381939892584,1,3.2908768542315823,0.5830686683758106,3,1
0.5130075611016178,0.41715487055387007,2.532360437164015,12,2.772651298627291,0.4354845618730428,2,0
0.9758299176756604,0.9377257947533323,4.403779219295437,1,4.193435342956483,0.8924513443768755,4,2
0.5143677251527824,0.3425313225222009,3.054476592111123,5,1.6964758475798964,0.08850524213837341,5,0
0.9025073513401376,0.8967534742772562,4.10282681544331,1,4.875405625121834,0.8325239474913121,10,2
0.42785491612148485,0.39753197205155466,1.5830701810613195,11,1.9356769893903008,0.18532107353344546,4,0
0.9188005703713967,0.8514530324111451,4.872159581823551,2,4.5832523923125565,0.7033907609767067,12,2
0.5267965756288213,0.3019812628855066,1.6385337117130487,7,2.93658445159447,0.32195212677056534,10,0
0.6641235756883536,0.5834552123786542,3.869681323343663,4,3.966558439380544,0.7684358788522678,3,1
0.9900124401820836,0.9641281516771744,4.592173676877613,1,4.432816002209469,0.7131699827929014,6,2
0.45128313225451705,0.40257012799255676,1.4050346947289616,7,1.1285645337106258,0.24818312360061817,11,0
0.5192360352159721,0.41101971926538905,3.2528950262274723,12,3.288135854172766,0.4793512037039231,8,0
0.6602167392157768,0.744113525429817,3.2312799283159555,3,3.1199529417309697,0.5217049774142881,3,1
0.9403377755746318,0.9123405843861003,4.8625445009496735,0,4.1915929457348255,0.9754717260026311,4,2
0.4046715141271723,0.30420347479050946,1.809025547873853,6,1.6312718742209555,0.0005147399228166982,2,0
0.469874276666685,0.37868465298049614,3.0688447389171856,8,1.967696900839077,0.4819111377411755,7,0
0.5359432723488622,0.3990344851722135,3.0559835470426453,14,1.0189071874453552,0.3237373570773015,12,0
0.9213738972043066,0.9994393429787315,4.306254756092746,2,4.6376882468959355,0.7726066239942632,4,2
0.5722297010832639,0.41860521922365845,1.2922451017709102,9,1.8320394647812108,0.3652745684046507,10,0
0.7800977811373908,0.6115035588684395,3.2389976802115514,2,3.0415598482722586,0.48065109365721626,9,1
0.9186980325632431,0.8527186061568595,4.813482302215531,0,4.673246439354531,0.822435717047777,5,2
0.7936765244802882,0.664188991053968,3.6082113767664468,1,3.242544276582971,0.5137604457814186,12,1
0.9003123479746389,0.9239229376799236,4.36994786279932,2,4.433843922855244,0.7493216587236636,9,2
0.5596835300762804,0.47303037766858547,1.3070269546143345,8,3.4621029974058364,0.41944904322296706,6,0
0.5025584017637803,0.3833614883237844,2.443715677265314,4,3.248936433186421,0.1919456106866057,5,0
0.9000061654429788,0.9149150319398893,4.716899494899711,0,4.072111092929435,0.7616204225434088,7,2
0.7063563716098477,0.5723843837656758,3.169887073219057,1,3.7964843893295805,0.695135655196302,9,1
0.572016621971652,0.33720031560996633,1.1734032521879136,5,1.0974078307755841,0.30912694216894643,7,0
0.6982571031414881,0.804530731860076,3.0895660243163108,4,3.238751771086024,0.48328171325123315,5,1
0.7802738323603878,0.615620426901704,3.1318068298966795,3,3.798555838130599,0.4417413623423049,3,1
0.9228394300344591,0.8626588570816813,4.459431873555221,0,4.123003295123746,0.8675927189351276,9,2
0.481764063726695,0.3324263041244997,1.1865745358427042,6,1.4444159696281205,0.34580902778465966,1,0
0.546298775088736,0.34100599522440017,2.5572261895475004,7,3.1050576875299534,0.09719001699743651,3,0
0.43521273411045575,0.31500414081625744,1.5987754247738453,4,1.713225845893291,0.21459129669817845,11,0
0.4061799741033379,0.4749610910849805,2.541625786301845,12,1.0030795879160648,0.2991636325612135,12,0
0.8027333783872763,0.6975767240005313,3.0624442749739242,4,3.207511495384879,0.6218369672092104,5,1
0.707931593633162,0.6058761549811431,3.1290712469308817,4,3.715381017178655,0.7795717443818918,12,1
0.7847838761466334,0.5805663994449741,3.838853861904069,3,3.7056353963689816,0.7596548519400008,1,1
0.5562713070905285,0.3251796878209512,3.155036205681556,7,2.515927361083439,0.06959901230876492,6,0
0.9852499916608688,0.8500664172155812,4.911244786977742,1,4.397836625502157,0.9758593073968149,3,2
0.6687329037459679,0.5837785764052678,3.2542612314448647,4,3.540278893187421,0.4309193110061648,11,1
0.4168340816391273,0.3419162710151301,2.495563235159347,14,2.9164713099291086,0.36680791502115623,6,0
0.5782779155052117,0.46552885162997987,2.9151619413382566,6,1.1477347251956331,0.44942369409012367,3,0
0.7051687582196694,0.5737831149503745,3.2984930980749634,1,3.9655179182347666,0.5471659061198215,1,1
0.4476388255067036,0.420288632037915,2.2356846253456784,13,3.2860298648123996,0.20938526244603656,12,0
0.4486429510521958,0.43795816135185617,2.4824072631470537,7,3.296876305651866,0.39504231856204336,5,0
0.7517705551116391,0.7293043316388885,3.680672373225737,4,3.123449865810355,0.4803322139920151,4,1
0.5254375015763689,0.35318744041972916,3.387163201657985,10,2.6427783212504172,0.21783644933894553,7,0
0.9077141979705785,0.8747237013020143,4.253523720401381,0,4.631307553091989,0.8775091486918977,3,2
0.8229411644436624,0.5947805696863718,3.6267705194172217,4,3.016671550599633,0.7406783630556337,11,1
0.5730185606726577,0.4187046414982177,1.8396646428745878,5,1.9076480304877264,0.01711405541026456,4,0
0.8699248206247799,0.8969294741282695,4.941767388690795,1,4.832830376788271,0.9718261181443781,2,2
0.8608524247535775,0.8651411799966282,4.8820498270512305,1,4.076862075276163,0.8501872804211253,10,2
0.8730474567387773,0.9115743691090832,4.247002983280151,2,4.224318558853526,0.7678237213031688,5,2
0.5609145583368264,0.38143980392439036,1.3523990688044232,9,3.124938428701655,0.33451116866455416,2,0
0.4517051273830807,0.4230611229028588,1.0013009424882895,12,1.7619531453950725,0.08232792657147087,11,0
0.7482697912617706,0.7959726345011846,3.6851745132777807,2,3.4820173397769327,0.6955328585463116,6,1
0.6705494527689378,0.7942109901202183,3.614133176187518,1,3.393635520277442,0.5846399071562584,3,1
0.6689039870858633,0.7723128239664949,3.966274297748186,2,3.5646398578962017,0.6014847608231674,8,1
0.9044621513365563,0.8500202039506728,4.560016225313507,1,4.715038718850684,0.8780457288927804,1,2
0.9473240318809613,0.964345393675144,4.135044215018898,2,4.511635717895077,0.7016038482563093,3,2
0.9443429218753223,0.8744528670722329,4.3104315497837575,2,4.830150982997918,0.9844754613370238,7,2
0.4628425578873976,0.4050253436987431,2.4307311729270955,4,1.1883656400153204,0.15284850964359092,7,0
0.5102163794891841,0.3173824991055734,3.193652156575951,6,1.6823984371407874,0.2383384141651842,3,0
0.5456646656880771,0.32844375391182196,2.059862032283255,8,1.4200355193621585,0.36843687247209106,2,0
0.6647217650205534,0.6318710119211088,3.5852968283343114,3,3.007353044554427,0.6697708445125287,7,1
0.7075733263265858,0.8302987798001038,3.6281195312435717,4,3.7562537914224343,0.5771316284673154,11,1
0.6501136083786111,0.6392675535075746,3.241165214307762,4,3.537584625692566,0.4721189160121863,6,1
0.7919865359363728,0.5638950216948668,3.948520327513915,4,3.192257918468092,0.5206931241445544,12,1
0.46350633925522255,0.44647331871170615,1.2664956328344295,12,1.878850402835547,0.20639677530337613,11,0
0.5137209993800295,0.3180522228085379,1.9399822248532785,13,2.532348956236314,0.4715379188723538,4,0
0.8986060366217794,0.8806370138368251,4.115080674043144,0,4.93374942300147,0.9051599355506029,9,2
0.9823700482627259,0.8874503429110345,4.33692261186621,0,4.623477830519296,0.8800844381584111,1,2
0.8058481305995291,0.7381366630295553,3.4189697737795246,1,3.2768699694920125,0.4179645948359712,4,1
0.4306320445782609,0.47664255394508886,3.0203009489110424,12,1.2637356495756764,0.22826728524145512,12,0
0.5591232499104735,0.3631078184044384,1.778610660114103,6,2.4781885893623232,0.19950135193506513,9,0
0.487255576743422,0.309871749735311,2.9656954984600827,10,3.1803392500561913,0.27242387954225783,4,0
0.4660385896054066,0.4263332276525714,2.988624901974323,10,1.9982897895232703,0.07620800666520872,5,0
0.7405276415354859,0.6423081874607808,3.48903577530762,4,3.6821916892550988,0.5229433795132858,3,1
0.764869080949066,0.7030509989475697,3.5574409671636,2,3.238845160403607,0.7702196569848336,11,1
0.4419462264298645,0.3156523986670101,2.7012482551867825,9,1.3283378160234451,0.43402716126614643,12,0
0.5666681027544905,0.3745645704103007,3.0414985986789427,10,2.784456137138315,0.44983372264608656,6,0
0.9696617176138467,0.8898892675948178,4.991299073414283,2,4.997622822251385,0.757339626534669,1,2
0.9767101614665241,0.9722006507064984,4.650647918092899,0,4.89926035892469,0.988678433982747,3,2
0.5515109441053163,0.4251058485851008,3.1264543227356048,14,1.4010002633251801,0.16700443937261894,9,0
0.510196919611345,0.4066820717123095,2.4016502360404273,11,2.6911698430659055,0.4024944998403849,12,0
0.8315351563732328,0.6216187384276488,3.8596453453526065,4,3.4400710750664985,0.5883119970199409,10,1
0.7273994496004381,0.701199336227385,3.89657465846901,4,3.2755365671408514,0.5928632387969591,11,1
0.6787605225400223,0.5940469899776228,3.3285581498857986,3,3.1307173235897574,0.6619664551051837,10,1
0.7553905347097898,0.7895203694795047,3.631458792583021,1,3.445386525977872,0.40568119035299877,11,1
0.7764735951189323,0.6931091994411345,3.923173988619265,4,3.248976899161365,0.5451997684434886,4,1
0.9955292136871062,0.8599847091871334,4.683486206706886,0,4.450478571470596,0.8540104630674746,6,2
0.6987977071677852,0.5768298201430975,3.100941625556399,2,3.7827456742513865,0.7656176572356508,11,1
0.5634768774792183,0.34754775849801417,1.097086836073558,9,2.3427060679916387,0.16332562089802044,8,0
0.6664887612723482,0.6186863464729985,3.1649340268527313,4,3.655820767327393,0.6095375127305349,5,1
0.4847410968620116,0.3351752564793377,2.3547523684458955,11,2.895981034864204,0.3194746926671309,1,0
0.7419928761110475,0.7802641905771291,3.576488903139866,3,3.337981550469836,0.6751411096225155,5,1
0.4763002449208426,0.4591868897038166,1.5764229895125474,6,2.2817212775412714,0.11533490585887934,2,0
0.44736552353828624,0.37797275537676966,2.8888778463576217,7,3.3571339263949525,0.299432733244268,3,0
0.9568903105834117,0.8809378170754228,4.452673435869223,0,4.6788977250778405,0.9318960163916761,7,2
0.4834045699340709,0.31490671245503055,1.0633768585386438,8,1.2021824165429942,0.21415723747005388,12,0
0.7896042648813819,0.6432445725631188,3.034650709814017,2,3.269742465873767,0.6739355012214334,12,1
0.7042267730080503,0.7198844343224209,3.109482366068994,3,3.306442336550243,0.7752630349452185,3,1
0.9748838260747221,0.9106852984606026,4.535909983662358,2,4.075699727309788,0.8163478269750793,8,2
0.7373169657260492,0.69470070382403,3.0722131853351877,2,3.125582102710161,0.6985619141787891,10,1
0.9473108289606372,0.9472757230178033,4.340661825071787,1,4.703792310990508,0.8119779443388276,11,2
0.41569735605726105,0.3977849414489672,3.2472520600155885,11,2.923057869595334,0.3123317844271319,2,0
0.7559069432196955,0.7550344353390513,3.662567917738785,3,3.6630272037231473,0.6648359757532987,4,1
0.7814122463749305,0.7805533457092564,3.1633544497431565,2,3.5850351687186617,0.5905315619117003,2,1
0.4357863259154643,0.4388576002254665,1.3904096119804348,9,3.1703556359437632,0.08857489472369295,2,0
0.512269659205766,0.4287372287500336,1.0414695723196403,6,3.0237526153492884,0.1743329936458647,7,0
0.6659202847841698,0.7364876881266086,3.7625340377755347,2,3.626832904415067,0.498747573734996,6,1
0.997360122450855,0.9354309669350656,4.333587604858481,0,4.919387404572673,0.7528286413991784,6,2
0.7832590764589838,0.5541681560155556,3.0495126297022934,1,3.8226574684804273,0.40517966934884625,5,1
0.8656782232562554,0.9807396590932346,4.331024805479041,1,4.8003548790234065,0.8987993539178066,5,2
0.5646233468302526,0.48873401809813943,2.8810694065389315,8,2.4175406524666694,0.36922460462566326,4,0
0.5889645970514947,0.38928945765827916,1.6989008544918964,9,1.925396750638611,0.007728308264433714,8,0
0.797901397288466,0.5994560341804855,3.4473505490056255,1,3.035159250271194,0.5260266347389728,10,1
0.9084228445033,0.8731689620834986,4.122902983915176,1,4.6369023174547435,0.8021812499743874,11,2
0.9732305978388954,0.9515728618686511,4.662526267476685,1,4.871414034190854,0.9018108982626694,5,2
0.6850426862110104,0.6942797637935857,3.275948828157188,1,3.205988184188473,0.6766254895848995,6,1
0.8118507259093887,0.7869854047107259,3.0136616854706095,1,3.346958950377586,0.5684047670920331,12,1
0.7252401836132669,0.5885728416831254,3.1587367633743098,3,3.5717893159359804,0.5692803486715732,5,1
0.8261124368077142,0.828996964692992,3.5089590404220474,4,3.547304744114684,0.7472719697204235,5,1
0.41732125317717644,0.3291950272506114,2.1342340865132066,5,2.9025599773574973,0.3131101608157077,12,0
0.8149161290788716,0.7191006696111704,3.7180141781270013,3,3.388768412861597,0.4512508293135547,11,1
0.7872581630480735,0.552143651418845,3.5091354129215993,1,3.3909174268411624,0.78081804647981,11,1
0.9082693988101705,0.9192765221912665,4.473064458335113,2,4.610546755015425,0.7481096218359229,5,2
0.8054770967934826,0.7481646451620416,3.183564114216933,3,3.7226835744744866,0.5244978661366135,10,1
0.7387068388333898,0.6543187599539781,3.536155386252736,1,3.8643662664559733,0.5781863479775341,12,1
0.9898297252820816,0.9048828714335321,4.386244615295826,0,4.826858560972753,0.8574206912984297,9,2
0.7295972658169497,0.7750008689088081,3.3387329557744314,1,3.945307040251637,0.7576599439932272,10,1
0.5224638636189062,0.42353179658421336,1.9117431236432647,5,3.212495891308203,0.2651325663174501,10,0
0.6703722548996126,0.6728097826823065,3.45236675920657,1,3.197182981968066,0.43806791486250674,4,1
0.515976886731512,0.4803682914409755,1.9916234326301356,11,3.342074348311895,0.36628604860512515,1,0
0.8089189633501728,0.8001219903505072,3.3159971411252274,2,3.920535885102555,0.4046811806363462,1,1
0.7938161005741327,0.7259476985713011,3.166787335183674,2,3.0105516368159004,0.43565624485606663,9,1
0.7555544182782677,0.634494711122946,3.417394782329148,2,3.438647500246055,0.7812235407014684,3,1
0.42217225218691945,0.3899015781998595,2.515254702639597,6,1.8721706663574882,0.4647645721239129,12,0
0.5257101465705178,0.4859399446061008,1.9357419178494817,5,1.6103682260559355,0.41543859567085273,8,0
0.7766391755716766,0.5732306607167847,3.4418337048019545,3,3.142960877600752,0.6894944798864024,3,1
0.44642709953828436,0.39466706259129863,1.825871203202285,12,1.5930669793399863,0.05089123631020187,6,0
0.9343312749776931,0.9392697512358522,4.108931439015052,2,4.877647019650781,0.7124970455148046,10,2
0.9752633201749005,0.9673023002399451,4.5894251550796135,2,4.835480225742194,0.7044080165964861,5,2
0.7343948473068896,0.7459201643345572,3.5088940700698803,3,3.7731835012587585,0.6619192197461812,10,1
0.9878525752590039,0.8784090126827269,4.104523897348822,1,4.661913632637011,0.9253531410862128,8,2
0.8242719124467239,0.7105319744720838,3.299232004301061,4,3.811806718350886,0.5333211263477307,11,1
0.7288424828551393,0.7618428184698668,3.135355434973284,1,3.151432314369963,0.586192313897338,7,1
0.5429565928073763,0.43432628763625725,2.9464298476268778,4,1.0838310868394485,0.28494484243565826,10,0
0.4899596364483075,0.33290835528290286,2.0846291230949325,10,1.1201473104925843,0.47457286579569297,4,0
0.5464873258517409,0.3129674440172774,3.0926974767575732,14,1.8891817911623727,0.35952295259212275,7,0
0.950694442438674,0.8684381017698081,4.899793172238859,2,4.866933468351884,0.8361840544325071,4,2
0.779247630782771,0.7893775697671024,3.146608300360003,3,3.6501132234192135,0.6893887562331065,1,1
0.5414130224630416,0.46564822800489303,2.084138334890972,6,1.4041813603670066,0.01043056964576905,3,0
0.719287428484524,0.7641667047680505,3.6666170848793724,4,3.693422128056309,0.6732384835938361,9,1
0.8059124399715881,0.6637574420418286,3.4475518551060618,1,3.439562941772899,0.5990794512251121,7,1
0.7625220658729737,0.7532712558552198,3.1942735710018013,1,3.503345130606154,0.7106118189941562,9,1
0.5083843551370258,0.3989585094049065,3.4029300608733726,8,1.971693224223705,0.13567451588694796,5,0
0.7597464853210554,0.715563045588122,3.3324266921743653,4,3.617219582994458,0.7450750993419539,5,1
0.5270955713359889,0.46419183736366154,1.5754631706038882,6,2.4300104980229578,0.3842770071531545,1,0
0.9309688613146568,0.9114118107725527,4.829790722907126,2,4.332191033115604,0.9080854172421385,8,2
0.825608312174592,0.6835942506517119,3.498971116913766,1,3.1034341148604834,0.5567906145864139,8,1
0.5059788493003047,0.43882359694545675,2.163014030709295,11,2.451187516791687,0.04438369705388423,5,0
0.534459377600774,0.4498368432877572,2.2931726411040234,7,1.3059418933129447,0.3677528032437688,1,0
0.8103370881338765,0.7652647471312146,3.1678145956460284,2,3.732859187331831,0.7417150665251269,7,1
0.9280582679300894,0.9881109475513953,4.136053207145625,1,4.609941558596052,0.97735674061957,11,2
0.9039189116872891,0.8871810038092636,4.727944676797963,0,4.566215015752617,0.701877241307941,10,2
0.8042697845811978,0.8242674136455197,3.3129195480288227,3,3.8032449046648065,0.7847596145046201,8,1
0.7347683587268622,0.7447814669893906,3.333902471526554,4,3.9111205013919577,0.7199979266505225,8,1
0.4612803157908189,0.30434982674546285,1.3844778741700776,6,1.865249316344464,0.48780510042995745,10,0
0.9840654480981084,0.9901456171251235,4.924778490078859,1,4.316586759908651,0.7857098782134293,10,2
0.5820339612226823,0.36990874274739605,1.8173290408451979,6,3.1049259287417716,0.23515952705089282,3,0
0.9300561603994282,0.9149093704029557,4.511929644643365,1,4.634424145286584,0.9312341854791639,9,2
0.5464731616422114,0.3801868513146306,1.8846784414031237,9,2.845084041065926,0.041399333962563234,4,0
0.7902519714020002,0.7985196802851093,3.938714635374035,3,3.731250589347375,0.700201182914264,4,1
0.992149959686704,0.9648743558852365,4.104864431305402,1,4.429062369302666,0.782776808314164,9,2
0.6765415507945584,0.7575634186591307,3.972793701656444,4,3.459303688213074,0.4300179813731268,6,1
0.9996133059865044,0.8545039007994089,4.907629279211839,2,4.603039555053283,0.8856974694095765,5,2
0.7990115468682761,0.8245952569388968,3.275170112488068,4,3.5253182644507213,0.42576157005064247,6,1
0.888563453203401,0.9480991138509702,4.8365326098332035,2,4.738723150726567,0.7041236662034035,1,2
0.5006357189444655,0.4548603413964668,2.2452268837775144,5,2.3854450062894834,0.3257101941759321,10,0
0.5225602918761726,0.3801237475651235,1.330690527813326,5,1.6807683162984224,0.009195338273733367,2,0
0.6761496495356887,0.5502695308922888,3.9032236273447074,2,3.8591117576469163,0.5950227210845238,12,1
0.7918197677018712,0.5922000171123533,3.877978382499659,1,3.233018964396835,0.717125381747873,10,1
0.6751347100536973,0.8335010885000624,3.582628646040366,4,3.010715297695359,0.6122603614359479,1,1
0.8027781772303826,0.6735219354554125,3.994684165196487,3,3.6191727353658365,0.4727895765210962,12,1
0.40914713883588716,0.4715500490864776,3.1306596859779536,12,1.8260200096894346,0.17020292167478235,8,0
0.8770842692050588,0.868768788571262,4.865424453284754,0,4.274071589342191,0.9421212711600109,9,2
0.5727518391136964,0.40235334161101566,2.2445312700857256,9,1.9298316697921623,0.22584840961584135,11,0
0.41288904122998266,0.3571830777198951,2.770430221613204,9,2.7714300115065735,0.23678694421754426,6,0
0.47616176918509157,0.3877811026923852,3.3682083490295383,13,2.4655745800419933,0.252944339442233,9,0
0.7346483847537006,0.8304208692393114,3.571199183962914,2,3.6543464596528574,0.7402827812134514,2,1
0.9378859210159911,0.8543732779033133,4.916524049920765,0,4.220088676871386,0.8554828529342939,2,2
0.5185882924913354,0.37778821391633566,2.3801179521299507,5,3.152670049936804,0.10975526254047935,10,0
0.6692214677264896,0.7307099775868694,3.356067299119145,2,3.6967548149354044,0.4376898278242999,5,1
0.48231688230461456,0.4870267674065517,1.3739516066689144,8,1.1811172194863973,0.1962467782033424,6,0
0.9379856718585049,0.8847070954565271,4.5521845584497385,2,4.262342966780945,0.793915043518944,2,2
0.4126638877065311,0.3984975241695888,1.375422502042604,4,2.1081827186090454,0.023915410197052733,8,0
0.5073541786432131,0.4308882073895172,3.1833072896520194,12,2.902803842607895,0.0800358174772865,10,0
0.8939123704954394,0.9217389826292836,4.230676861596194,1,4.402873282632637,0.7885871482143829,12,2
0.5031176442360432,0.347841821192321,1.8642399837597985,14,3.3976869864100694,0.1712621285892717,6,0
0.5554137345826218,0.45810549381197097,2.2686693344020905,10,1.4828321614682327,0.042049112233992325,11,0
0.5560737383218746,0.3078248641030616,2.6759636458860303,11,2.5910756238590915,0.3532378632434506,6,0
0.9471280570464145,0.9971766755143442,4.271096884805354,2,4.732122606842956,0.8065123169355874,1,2
0.4898494734703046,0.4017180393501055,1.4461149130694304,8,2.604928751108165,0.3035470180443904,11,0
0.8673297028262461,0.9651351442776878,4.474853988713491,0,4.41579750068745,0.9158961449831591,9,2
0.683797971159555,0.6519988322902391,3.4401803286971933,1,3.829939593212443,0.5620948349913706,6,1
0.6840280384723545,0.6637431600957266,3.9477796979692297,1,3.503688609328239,0.7233687497108146,7,1
0.6923864035605052,0.708243912840904,3.683975129915141,4,3.676820043630047,0.5176188792506852,8,1
0.6932215047017726,0.5981936498868273,3.332729476510379,2,3.820544647745987,0.4027854118896156,10,1
0.8236364951611412,0.834503010053795,3.661810728574425,2,3.6825117301162003,0.6582705417485413,6,1
0.5640684467164618,0.47536244404171213,2.164250305797033,14,2.843753120274371,0.22610897044490358,11,0
0.8739365117932285,0.9404788248422001,4.57124049243735,2,4.470950058772514,0.8476696945547224,1,2
0.9267011780881308,0.8839043496724,4.6764284379582595,0,4.033669178213873,0.7643884219776408,3,2
0.671440205564888,0.7229658468414414,3.4846895169363075,1,3.482601235661521,0.48425226175329816,4,1
0.757235122264408,0.8205574214031859,3.5865117810374487,4,3.362501984531513,0.7213590842331916,1,1
0.6859472005541675,0.7589113595900693,3.5111136384895003,3,3.4772000794179614,0.7092945810645559,3,1
0.812848418525884,0.7869610587583608,3.4483464705246334,1,3.4301427320968263,0.5707283714453701,3,1
0.4677790900776003,0.40136726580694215,2.9544758246125733,11,3.014175382375133,0.2926771821983761,6,0
0.8625740599012236,0.9196100034106757,4.948755707666274,0,4.625330169954454,0.9241234801387086,10,2
0.7685815498086743,0.6874821165912788,3.875685127586106,2,3.9122082367815256,0.6469396832093512,9,1
0.7986750274322558,0.8070857327261517,3.398642494213064,2,3.097366893791221,0.6754850787558986,9,1
0.7332009785571534,0.7947581068631872,3.2624083764893017,1,3.3932614850992153,0.6405179559822427,3,1
0.7286041460629058,0.7468773277847477,3.23679758545618,4,3.502875520065585,0.7100930101854226,6,1
0.8985334853451812,0.9564158296950962,4.34434280228844,2,4.131965319623962,0.8539549251270336,8,2
0.6701806272418067,0.7750044037962109,3.807957328109019,2,3.6284069576409896,0.571073117190034,1,1
0.7472382867482014,0.7731383480322515,3.934795517492783,3,3.014381235984153,0.7131627075105506,7,1
0.9595238603355247,0.9860414213252251,4.219135141131475,2,4.909454610937242,0.9166429706367718,12,2
0.7361788338268832,0.5610342617099264,3.728637022316899,2,3.052023755029447,0.44432195509172057,3,1
0.9176610636584495,0.9630391946118629,4.283300423995416,1,4.411958095034102,0.9611580898808152,2,2
0.4364386665624535,0.34023351662644086,2.211503967547162,5,1.1444514024909167,0.3475176144292766,9,0
0.6664742478431717,0.7061252996092966,3.9132296862792706,2,3.621186322194083,0.44709118799970526,2,1
0.9444290028638723,0.9753111746263189,4.805978772203076,1,4.804753121989695,0.7138170202569869,10,2
0.8881538218419734,0.9385348988726339,4.46686957218169,2,4.491095729383165,0.9781331886575282,1,2
0.5833551130266373,0.3236164724622535,2.8271686880091105,12,1.512504525133093,0.1896142924819002,1,0
0.8168263674404468,0.7117833659414212,3.9597910204048503,1,3.9175430096537447,0.7033463853387958,2,1
0.4696276916255656,0.3752728114057585,2.7386680167246555,12,2.4912136874635538,0.2728434442477367,3,0
0.8228513004754099,0.7970191982115571,3.052574397811003,1,3.6623179135395825,0.6377759442275532,8,1
0.9096856756881175,0.911975877581158,4.708240632593666,1,4.278099515066357,0.7650868737591638,4,2
0.650035440352426,0.7280540423192842,3.61642817737187,2,3.648233468807846,0.42396405315100716,7,1
0.9563767025888992,0.9061829330530182,4.250174181528878,0,4.645740510095612,0.7134335351514004,1,2
0.7373965172388391,0.6310084507302023,3.3693911644551138,3,3.511938630681928,0.6055329735867981,3,1
0.6771347178498448,0.7181505770538402,3.282550267518639,1,3.8236455947530907,0.676510589417288,3,1
0.4431812291799988,0.3139072255160043,2.508621483453445,13,2.898360819807165,0.25022265456537074,5,0
0.7509577980330121,0.664775527101525,3.613151911103018,4,3.4751003406917205,0.7502025343121574,12,1
0.7626264787653351,0.5930244978139599,3.1720860324526265,1,3.14346945701802,0.4590637535547894,11,1
0.5074127483686058,0.3881471724707839,3.4300133240788426,12,1.457538610586818,0.011017580148752093,5,0
0.9447673750736323,0.8961829573024374,4.85377775066845,1,4.581195423720956,0.7760906666542114,11,2
0.9848621002735028,0.9150726129364795,4.9189488294689525,2,4.089289524525573,0.9061057799509729,10,2
0.7152271841471908,0.6452854834923654,3.602256302377257,2,3.61828502101372,0.7047702146143366,10,1
0.6753046038768294,0.6257865751867613,3.419099472917085,1,3.6940174141057422,0.4712729547351,10,1
0.9427214417779458,0.9305511232527037,4.8687223978854535,0,4.2190688091018576,0.7110164087502463,12,2
0.45759438762961246,0.34999138828306015,1.9003410186787977,8,1.865804421472509,0.1195276660986328,1,0
0.7474462010380009,0.6430478173974546,3.59605011576095,3,3.8456535222773423,0.5012452806463067,3,1
0.8895576319581252,0.9628702506379742,4.1461644640830935,0,4.4421070346797205,0.8003203536966246,4,2
0.9541337380608386,0.9739097026822429,4.705782917820095,1,4.396992162207474,0.7468950912126582,11,2
0.43518715789481893,0.333080773713476,1.2459891242834933,9,2.91093165555434,0.132523214162502,6,0
0.9983250352617828,0.9181002431794172,4.7194468122022135,0,4.972025256496591,0.7685460240264312,8,2
0.8810730088328779,0.9725135395179292,4.286578102868802,0,4.993848388899698,0.9640944286446781,8,2
0.4238908872432633,0.32521578422566266,1.358855905098482,5,1.5046336303073709,0.33671621666245866,2,0
0.7422052204717259,0.5933206745056654,3.648256954077822,3,3.8599407141834092,0.48308377473887304,9,1
0.802387271353745,0.5965721715625595,3.537340496843181,3,3.8992489182892025,0.6431670713864616,5,1
0.9469809428669455,0.9001074948503154,4.759429145531252,1,4.605504766615876,0.7741394663984176,1,2
0.40235676689268984,0.3890659134382561,1.7531631519000008,14,1.1856021824709662,0.11317574717074297,9,0
0.9606235464994942,0.9598601573587568,4.563440014921933,1,4.541369610157268,0.8035689861009917,11,2
0.9002963818392248,0.8639907170167255,4.967440844790627,2,4.324329377351518,0.9029451248561813,1,2
0.7419012563978908,0.6415105075885021,3.7889451239349268,4,3.4965154222306047,0.448094211519364,8,1
0.7354386256649068,0.6501267200965454,3.17275675624621,2,3.5060446924118365,0.46337931546600797,9,1
0.6992027049547453,0.8048364918663096,3.196667232390307,4,3.6565627023996523,0.7537243521909152,7,1
0.9857150505586904,0.8626191493389074,4.453793516803461,2,4.804963730399255,0.7157173886784584,3,2
0.7249510842593829,0.8014474528898947,3.2439953023524724,3,3.599597260044054,0.614636998747113,12,1
0.7034566181522299,0.6826968463526253,3.4753858553554826,2,3.074895842001984,0.44140253788351225,12,1
0.9014304841211263,0.9495736712279088,4.96877245126736,0,4.805978900867584,0.8776050528367189,4,2
0.7583345100333918,0.726956842605892,3.9423714394684146,1,3.0141966344717237,0.5004764795177764,4,1
0.9732633096408347,0.8720382885375656,4.408380631870269,2,4.986729101500849,0.7814097890617031,6,2
0.6688551563347394,0.576309055996871,3.262695477001935,3,3.447502889699508,0.4397377840489056,7,1
0.945164730001088,0.8921574625250334,4.256146445319519,0,4.610770730685038,0.7599523813845819,3,2
0.7879561217819315,0.5851778694216049,3.3027751282719673,3,3.4822740000815435,0.4223510209040899,10,1
0.4042151009857573,0.39465138546271966,2.190526741972535,6,2.3004087527799832,0.42609075015927006,6,0
0.42133782543813164,0.30049096282054666,2.594963014483244,8,3.2105161583710196,0.11403988597446624,9,0
0.684016011113901,0.7812790731359809,3.677545805183776,3,3.1123644819489855,0.529474723858754,12,1
0.5876569215193629,0.47937127454045647,1.0985670284212647,13,2.4706593924248277,0.49967674978291743,10,0
0.9206428355841233,0.9661454024416892,4.8673264594445085,0,4.632391324328387,0.7469430148010802,10,2
0.5859896430722517,0.39248100906229644,3.265246969296385,14,2.987028258854121,0.25131854655259606,12,0
0.9078667389347687,0.9291516199332542,4.290472308712875,2,4.4430593623304215,0.8482443011913647,6,2
0.5866427978652154,0.4679978058449855,2.501996116105495,5,1.4175848652301881,0.49558431306848827,11,0
0.7550912745010906,0.7855548550871991,3.3840426383911004,2,3.607135280883577,0.5516032756718532,9,1
0.7899970265927858,0.695301668725535,3.572760532955087,2,3.8388393367652704,0.7420769823882923,8,1
0.7006866920885455,0.5846639521686526,3.2303192246828774,3,3.0492944927644166,0.5506522050067626,1,1
0.7922527109034394,0.6118112146010417,3.867177354451352,2,3.5382201018684754,0.607996183665246,4,1
0.6537337817219011,0.8050239864740867,3.965609831380884,4,3.2994577239342546,0.5048541960326269,2,1
0.7787674158282509,0.6231712734791944,3.8730431470152036,2,3.3071456481042114,0.7352750381813299,1,1
0.40746930656980884,0.4518879757927181,2.5697509737272695,11,3.1839465602669432,0.4604362002659066,1,0
0.9235585875679578,0.9643670438012303,4.213401825077595,0,4.889883726473487,0.9453568916965088,6,2
0.42341230429271154,0.4632890007233119,2.9994527385600542,10,1.7381957230507752,0.39670362907391865,10,0
0.7759977873052897,0.722656247345493,3.4151456539927456,1,3.4107092453916663,0.7188731175387497,5,1
0.8642649160832544,0.8806672558696409,4.4063704005028335,2,4.6151291405412,0.9731817151643265,10,2
0.6776120715598958,0.6966520556965985,3.0620414169565544,1,3.553290639623,0.6029752676244615,3,1
0.8976627505517635,0.9276394451973283,4.341962068207558,1,4.481867479274617,0.8085130764578742,4,2
0.925675009546661,0.8902843251180463,4.190880296135985,2,4.147275563552091,0.9919230393736895,9,2
0.7083169038664342,0.5665573579933038,3.3430517325196507,3,3.6555099718461124,0.4155208796609045,5,1
0.4114668959582071,0.3469496144619278,1.3988617002829709,6,1.5480349683951107,0.48793262790956565,4,0
0.86874406310667,0.9825197144479091,4.5034871498324796,0,4.971533042390589,0.7662236465358345,7,2
0.8310928217348862,0.7585811081669912,3.93016520286255,4,3.09271481081027,0.6075669211939156,10,1
0.9784290015548824,0.9420406171356187,4.179744242572711,0,4.72314948646463,0.7841003382374563,4,2
0.7678458573110933,0.6885452166558654,3.478158923555844,3,3.6276688771588086,0.47488627304861436,2,1
0.6684259648780582,0.5661549824734211,3.1292238001027495,2,3.4983330282942373,0.6352657148467716,9,1
0.567904837235543,0.3839846310187429,1.8272234074729299,13,2.6734760036484033,0.07287828412237585,5,0
0.40882557841679956,0.41543352186127325,1.4263103092182288,10,1.0331624028996664,0.4711008778424264,2,0
0.8058615767479682,0.7129404990447603,3.671406072643737,2,3.3559577734706405,0.45791764484103553,2,1
0.8951512145131235,0.9475637873235796,4.291100576858202,0,4.849446406225735,0.7134990463706272,9,2
0.6865458089992439,0.7580381044782623,3.6643393666056823,3,3.7623612137071727,0.4561117006020143,7,1
0.9766101601803919,0.9310444797685461,4.860199318181202,1,4.107614184759859,0.9304384535142647,6,2
0.7164612517434424,0.8001239871464597,3.233072811890835,3,3.248791788739177,0.7674027056005523,9,1
0.9945288205700354,0.9303902618278177,4.539646069393915,1,4.881615639877998,0.875349938659237,1,2
0.7915908011112586,0.6173451603613895,3.4053253606469536,3,3.5234071850674717,0.759390222843893,8,1
0.6721271967915254,0.5868579096633474,3.189283645916009,2,3.383215365947252,0.48436978327602254,1,1
0.4252922164316209,0.43056144602663293,3.111101681584072,14,2.330283713163289,0.053586005669888026,10,0
0.6955657909192522,0.6065378987346028,3.5049114512501394,4,3.377994038626153,0.7826608079295985,9,1
0.7718980276701489,0.5574152417360231,3.7879701335909317,4,3.486173654104883,0.4425153100999622,8,1
0.9318091030684672,0.9556124906982009,4.941654878053844,1,4.397865703017427,0.9482659156822141,11,2
0.9295373591945125,0.8926411139391275,4.220445526699724,1,4.721721552717179,0.7814641142233727,1,2
0.8708697086384294,0.9743306914379438,4.414001067537641,0,4.858816771168154,0.9030822348990512,1,2
0.5211116812846592,0.4379573534073057,3.4396301986563365,13,1.8073911823531148,0.39759309738435183,3,0
0.5260653361305305,0.30096170093078156,1.4020201285437466,5,2.2140343839655667,0.22421207149312367,9,0
0.7426030439176882,0.7505106566788141,3.2617511001344823,1,3.444852432827541,0.5907288761752205,2,1
0.7988652854917027,0.5530488351170796,3.761889894377484,1,3.5684319543305034,0.7088772830282268,4,1
0.5474028998006616,0.47883512580415344,1.1810406803658537,4,1.2196662478620834,0.17531346560459038,1,0
0.4069444368911381,0.38969271957089985,2.412102833156541,5,1.7351116980524288,0.3570295998949141,2,0
0.43312962151094836,0.4312781702394685,1.9668383657513435,5,3.09427526476832,0.33784505851964036,9,0
0.6753715043005424,0.662141970496364,3.8211424247203474,1,3.8349737856829624,0.6770370852778096,3,1
0.523597213080426,0.4453862642655991,3.3141870772017796,6,3.0196148548531463,0.3811425673883079,9,0
0.8900169076190431,0.8906209492055459,4.3228037932518975,2,4.458940516596821,0.9198200424358496,10,2
0.779935323732716,0.5573510952365422,3.6900468884094497,1,3.853654548941112,0.6828619628982766,11,1
0.8824034911048472,0.8535028144492278,4.780592252555159,2,4.487851197192406,0.7390143347533416,10,2
0.42308526149717446,0.3375193930733881,3.217312250523174,11,3.4810385012236753,0.3357274674473216,7,0
0.9555071432877255,0.9202231211951546,4.62125772983725,0,4.287409596465579,0.8103357963268458,9,2
0.6572363971138707,0.7297908838135077,3.6981984306765,4,3.552366137817234,0.6321395957605667,9,1
0.9938466001056706,0.8800711773292604,4.198337789278659,0,4.439149816633749,0.9540906562621181,8,2
0.9146168328563675,0.9032697471630718,4.140724270116999,2,4.015176882286827,0.8744251316746061,5,2
0.9701131335347186,0.9913796961280175,4.772098975580346,2,4.814125685591161,0.9055402929623452,3,2
0.43726148894175604,0.3960464970301464,2.4876224492510515,12,2.9997902134329735,0.0892723310271668,1,0
0.5433631460760896,0.3195935350788272,3.2563822666989166,7,3.066143665269354,0.16002480051530588,11,0
0.8946514102396577,0.8744222574515296,4.268222996547615,1,4.3906821109859395,0.7574283041498627,12,2
0.9884175293208752,0.9109885806039209,4.228953312832377,0,4.29335342144101,0.8576410922067679,4,2
0.5414074338502248,0.33906016359137114,2.9694747217862307,13,1.8337479292278605,0.19908434679547166,9,0
0.739551140879963,0.8345183111089177,3.74037829694102,3,3.783160029027903,0.4655660580631128,2,1
0.9130917152052629,0.9747051559332955,4.858092954274941,0,4.005313475668346,0.9413483927295467,8,2
0.6589410920974036,0.5556399346067435,3.1887940277734446,4,3.605896815179483,0.5670572022218501,3,1
0.761035225101997,0.7810898553800953,3.3409665634624846,2,3.4903124894098285,0.7302461507292007,7,1
0.5089531987434244,0.42004907031226185,2.121113804945799,6,2.5061023147527974,0.2768515261729004,5,0
0.7928364496597659,0.8128077206361901,3.743435173956194,2,3.3769861672868418,0.6352530942188067,2,1
0.5066426675382043,0.4464837641913666,2.234488990910977,12,2.7766572242144685,0.05544541040591566,12,0
0.5121438267051266,0.36858504041860507,1.2289551833165855,14,3.4052469644102943,0.39500677939592804,9,0
0.41337906486141335,0.3396945563469184,2.6778587920601264,10,1.35021003809131,0.25916482618186837,2,0
0.9982723429277752,0.8937243611385585,4.793668277814996,0,4.9207666084633574,0.8753346729272278,9,2
0.8762594544280736,0.9933878243432979,4.382570045639618,2,4.444127713165751,0.9984573919177965,9,2
0.5179739483758207,0.3086909864243774,3.1788420153809405,7,2.618934108504769,0.29719792961427266,12,0
0.7726515277179993,0.5951742455682494,3.5470453456155777,2,3.7931285379630566,0.48599842698329276,1,1
0.5630173882453141,0.30171577678461453,2.4710315833515137,11,1.991649440858905,0.11851392855416809,11,0
0.7146008333513795,0.8021984085955296,3.0881344309766914,4,3.356093085166422,0.6653499213673837,3,1
0.41788982777102646,0.3591685287843459,3.4487763215537712,8,2.185434572718313,0.04891708032550074,5,0
0.7503559597337077,0.6855056888421758,3.106711819102354,3,3.43567206612229,0.4503436161055601,4,1
0.5237180411275181,0.41797642782090194,1.880937366524136,8,3.015489702509477,0.42186866320336214,11,0
0.7680528185895844,0.7584282528460387,3.110603598873161,4,3.917840883093553,0.4421312934217159,2,1
0.8394203893082172,0.7588456636699726,3.2872212092051507,4,3.6384887847991356,0.524699846209001,9,1
0.7592615089571748,0.6099771890086849,3.5044559416693555,2,3.147227074410517,0.48056659632649457,4,1
0.5249364594278244,0.35907649670143527,2.855870126431273,10,2.537445600852831,0.34394205493995755,9,0
0.6843694612619907,0.7817558116203868,3.33419271417311,3,3.2726506473124846,0.6853092266288423,1,1
0.5580539915177701,0.42722449706545274,1.1748290142735853,8,1.677868591250462,0.29640599582671134,3,0
0.80679016053933,0.780566825105778,3.323730825610424,3,3.8461242105302316,0.4712972215302981,6,1
0.9485023298861041,0.8694912058401911,4.604082527699056,0,4.5138544642067675,0.8526671666773167,4,2
0.910704675671822,0.9584692410823832,4.280504225965684,2,4.304198719636281,0.7911827536765081,3,2
0.6797564348296035,0.8326804235874966,3.842538229398637,2,3.050853423635821,0.7367871531693408,11,1
0.7100808732870327,0.7950415475556294,3.476322352206904,3,3.760400067287483,0.6637953638749023,4,1
0.8281869019971627,0.7463720403347841,3.119021304493141,1,3.1990934199359256,0.535650715498888,7,1
0.49679020434846005,0.4893724022320656,3.034925673765047,10,1.5520065744640978,0.08687629783114725,4,0
0.5566576689103984,0.3679822566763715,1.8052367555483384,9,2.418852120653895,0.34473248456863287,2,0
0.5845010665814199,0.4794106329315524,2.1855355416436595,7,3.111373496337676,0.15955023662162782,10,0
0.878155056951393,0.8884694591525149,4.419787773626498,0,4.302479029167927,0.9926119831439262,10,2
0.7991658948755538,0.6293725527267277,3.911818628686092,2,3.9450240645805685,0.6661907867191913,9,1
0.9808761073599802,0.9101959036329568,4.363263581963667,1,4.2661680125155375,0.7066080763671451,7,2
0.8081962369319649,0.7832080138453263,3.8664231835397,1,3.957196963519235,0.7471538408442965,3,1
0.9230163137064735,0.996565634957736,4.192809226167268,1,4.113303504727464,0.8210803007084774,5,2
0.7023576874987439,0.6463300313979025,3.70080841800174,4,3.923664837549653,0.7890320711573433,11,1
0.6867004015976023,0.6866793996264952,3.472515442819585,3,3.109863113740783,0.744636747398316,9,1
0.40346607147138863,0.4324226778496201,3.493138836920986,9,1.9946389976143541,0.48473521663768443,4,0
0.9121042557345655,0.9492500889443783,4.227101189035834,1,4.854703450093197,0.7495906858413883,3,2
0.933142180356765,0.9344067548533509,4.497101342289794,2,4.511275462200751,0.8476976440003545,2,2
0.48725728947351477,0.36340463611641416,1.3571670448048518,6,1.0514612357395061,0.48495492608099716,12,0
0.7699934319484705,0.707452728901905,3.129380616966701,3,3.1494362585182945,0.7626748816888935,5,1
0.8176577454243198,0.7157868747214242,3.3316578441770175,3,3.5934964158218516,0.48194593261668367,7,1
0.9671224460343473,0.9910628810951121,4.1142408547971385,0,4.489392537406589,0.9224924355508126,12,2
0.47152803970682944,0.45400513284854827,3.468190323287361,4,1.9418474248448518,0.37478914998803603,9,0
0.5552865762928738,0.38594047405847703,2.608944237991312,12,1.409998702473743,0.2193036082447692,2,0
0.5249464495370653,0.4079786346337396,1.2341869195702313,6,2.5908315454647384,0.12523090930279207,6,0
0.7583778033666919,0.7186536192870168,3.7146956752357343,1,3.546677264897312,0.7449467037627361,8,1
0.9400677085390841,0.9979370007927102,4.473262244270724,0,4.428944333430144,0.8622715011514243,10,2
0.9594189604517293,0.9906067657246481,4.642962625143449,0,4.747444406596694,0.842142948519384,10,2
0.990341395923942,0.908773594492525,4.5920304685010915,0,4.000011634755366,0.8249697485446876,6,2
0.9918415996266495,0.9502858970084371,4.710802961005308,1,4.888039064360118,0.8796077206957292,2,2
0.5101334875496303,0.36489700998674357,2.3431585417851752,10,1.320114597394431,0.07595134675614718,6,0
0.43175508217953207,0.424503657841415,3.479356542919597,10,1.698190221136026,0.3214409550293538,4,0
0.7818340007563891,0.6386859182722626,3.759238979656995,3,3.962732583861139,0.6450553758442834,4,1
0.9394818245103477,0.9368971699992906,4.5406620158452204,2,4.4027758332329,0.9910706033244631,8,2
0.5328699212739787,0.4594975728051457,3.454496733151569,12,1.7618777384653332,0.41469733242942347,12,0
0.6653812098619808,0.8042180098346086,3.7288698044883413,4,3.916489151115514,0.5278568975515133,9,1
0.5743729729425616,0.3806602107873087,1.2175974064691466,9,2.3755663553906543,0.021706266427409582,10,0
0.5211359195574905,0.46857042108950203,2.1805373129048733,8,3.429280238472759,0.42445691213304193,5,0
0.5391652590492371,0.4041809109080206,1.3199705213339659,10,1.983619616408979,0.4139341876610864,8,0
0.8821625460147859,0.8577678833099225,4.601579517782877,0,4.084688341875307,0.8400079362653226,6,2
0.8653174188605794,0.9618790057940518,4.594390231462857,0,4.794210662549405,0.7827302704754071,10,2
0.5176001566714671,0.36146507503318,3.085758414886919,8,1.4971406944382397,0.03230833992204307,4,0
0.476366873585756,0.3911763678577427,2.568763658045925,11,1.6792174276725103,0.19914369198781778,9,0
0.7406268445973542,0.6628704994007972,3.8874245353703603,1,3.7851898844228415,0.590088458209315,12,1
0.8146960822808129,0.8092521866641263,3.9197925717794364,2,3.2210715528139917,0.6843922699153328,9,1
0.9389487393457874,0.925041780281164,4.1624546773137645,1,4.839820352203488,0.7382457040420738,2,2
0.8093356886314528,0.7844854549027431,3.317904673773284,4,3.445825549827016,0.7184955448486332,1,1
0.8621552848367832,0.9374389085206395,4.327791385261648,2,4.957581015083817,0.8197105952927304,10,2
0.6617181708879819,0.6805186094205699,3.204719453949999,3,3.0559263501282254,0.4554507367910672,1,1
0.9175531052432615,0.9582893841273519,4.446323255498993,2,4.429608592132364,0.9221878446683112,5,2
0.7403380851721328,0.769509021209018,3.689121090495758,2,3.8629596233130186,0.5874183769261445,1,1
0.5228551235503434,0.33320695413720164,1.9019312977764995,13,3.250057808495028,0.17671068965135905,10,0
0.8906193720453016,0.8774256669803225,4.8431398564046,1,4.603850982540278,0.8729842021389154,7,2
0.8085217111923857,0.7174324863537036,3.646407375228089,2,3.8067735696487675,0.4982046387598438,2,1
0.9276453208639136,0.97573456316227,4.425263401160468,2,4.79971791361872,0.7369697727148974,7,2
0.8320097133859661,0.706923009214865,3.6050895185405385,4,3.014330905867001,0.5865508378515167,10,1
0.4519890665935165,0.4894536550299651,2.065453255589932,12,1.409059552979173,0.3974047743749647,11,0
0.8029684892878156,0.7950614981800264,3.3950533378567957,1,3.0200232297321876,0.42437770718906026,10,1
0.663819640077947,0.6313742358389957,3.3499378535707143,3,3.8437550439872936,0.5267198898185901,10,1
0.9441543773874059,0.9985542672997558,4.392728515332097,2,4.432018927594506,0.9941106222826555,10,2
0.8200624048817367,0.5932508395225239,3.7859252762089133,2,3.022066148682291,0.783183296179855,5,1
0.8630998065661681,0.9917671283134013,4.726964544095651,0,4.117203905680233,0.8011619726697256,8,2
0.4135258432074435,0.36060536975581464,3.1121882774236362,13,1.8515614236606002,0.13034726411795156,7,0
0.9922228015772024,0.9462601595947837,4.704331233800486,2,4.116190956525446,0.9342987680844974,6,2
0.9534097272071853,0.9665573928477634,4.87598267629237,2,4.044961441591552,0.7379069443943531,1,2
0.7811233923595815,0.7928603825742039,3.3229896831768686,4,3.320997045640898,0.6051766651681014,6,1
0.8264735125306981,0.6748553880647807,3.119140671996048,4,3.2421746503474704,0.4284714012308547,11,1
0.5012619794447537,0.36162341309192136,1.8325047826454948,9,1.1308471894662708,0.18923821174293454,6,0
0.5335736021900838,0.36908962445206583,3.429455206802402,7,1.617190157096503,0.3481521364198942,3,0
0.560509992894344,0.3509464138181475,1.3909545110086199,7,1.0840340004582065,0.03132660172767726,10,0
0.9150473281439091,0.9385956750991956,4.694912828822588,2,4.414469715539344,0.9261489101707656,11,2
0.5079095938049996,0.47394277654172795,1.084864946464497,8,2.827559178645704,0.09629951389281521,8,0
0.5633173940129197,0.3745548070904101,3.390555476622371,4,3.3883367162598206,0.39345169312764755,9,0
0.8053861939775762,0.8338947331978519,3.5018695310245036,4,3.735026149105099,0.7379159146671262,8,1
0.4059474396120281,0.43894131272500025,3.273811277369546,8,2.5963148691602136,0.19879719898139714,9,0
0.905615236459023,0.9688782087944379,4.515300960698581,2,4.395137743264319,0.7118378598672698,1,2
0.672649984139709,0.5605737047394294,3.0527439521622175,2,3.3828831472841836,0.6804394919992166,7,1
0.8747510891151199,0.9672735795017403,4.679734299328324,1,4.104808064997572,0.8495712398517128,7,2
0.9290901389016172,0.8924957143637395,4.808092553021415,2,4.6167836078525415,0.9228644481003817,8,2
0.472506268574768,0.3244812552800484,2.031902823165065,14,2.0563710707798615,0.021012337585702645,8,0
0.7808739956820976,0.7100615447075354,3.2418381954153532,1,3.196688197312823,0.49261848901605976,10,1
0.4106658596490799,0.46201832377638513,1.5638533248143316,8,3.104833916979522,0.09305070892313866,1,0
0.7546996811260371,0.7018334380636582,3.282262470412933,3,3.5855637287933018,0.611136024153901,4,1
0.4062408673462533,0.47342239794703445,1.6205661068928796,12,2.2459194318486992,0.20946272475227395,8,0
0.7061763574616077,0.8204379309122107,3.523213054970875,3,3.6893104121026905,0.49840165155717797,6,1
0.7484731469308551,0.7594426686153574,3.174156692395396,2,3.631722418326584,0.6023116603747367,8,1
0.46728786745069384,0.37546112817577565,1.2621729163312023,10,1.9432104077615566,0.010035598888863184,9,0
0.988328933017769,0.9146477830769945,4.386980136489025,1,4.370052334674256,0.7082260929917973,12,2
0.5178588147571583,0.43377515593885246,1.5324104037722768,9,2.54315928024323,0.49023136254618893,2,0
0.8854259554859244,0.9056411512236647,4.911746177074235,1,4.405751168615061,0.7661465304067319,6,2
0.5558717264153049,0.35950077901528366,2.9964831809568784,9,3.1421848401877353,0.0588219940796626,11,0
0.43438562101480305,0.46233316774022004,2.230694641120087,9,3.1768747531812784,0.22265262750133274,8,0
0.8615985176835703,0.9555549669443576,4.973231398753452,0,4.097514325640898,0.8676941902299322,3,2
0.428484311196267,0.3435577650942019,2.8056314209826656,5,1.0305076807951112,0.2992213506026135,4,0
0.8654977179938314,0.8907997908016534,4.105741139065931,0,4.696695111436749,0.7973037423085166,1,2
0.479308090598268,0.34220048398943875,1.299663418334207,11,3.357274259781298,0.16160146601037761,8,0
0.8161183934860453,0.7908806005252195,3.2246573976417667,1,3.6307174444919292,0.6884763301276122,6,1
0.48904552197888396,0.31069762237954907,1.2970447906701799,12,2.860529142358245,0.3405197135484545,12,0
0.40100700121554506,0.4852627609595771,2.226871948146961,9,2.6716080498110775,0.4646879945637929,11,0
0.5001378781432138,0.38095584293917056,1.3267759418504987,7,2.0119960727129995,0.32703789768599906,3,0
0.7860370917729276,0.7261240808699891,3.088578339636644,3,3.007766642153969,0.5919158840365383,10,1
0.9223758294238648,0.8813778198111891,4.14498112579371,0,4.136999063053671,0.9984944107975279,2,2
0.5114417325855443,0.40724712307930183,1.9469315648782235,8,1.9077057409965876,0.3229586206658006,2,0
